Когда мне совсем уж хреново и страшно, я говорю себе: ты слишком вжился в роль  Ты слишком поверил, что ты – Деня Ч. Тебе это сказали когда-то, а ты, дурачок, и развесил уши. Слишком заигрался в его проблемы. Суть хорошей игры, конечно, в том, чтобы подзабыть, что это игра и играть упоённо и с азартом. Но забывать напрочь, без возможности выйти из неё — тоже подрывает всякое удовольствие от игры. Как удар по зубам шахматной доской.  Ты забыл, насколько всё то, что сейчас переживает Деня Ч., – ничтожная частность. Для него – его проблемы и страхи, конечно, заслоняют весь горизонт реальности, и стоит ему перед сном закрыть глаза – они тут же наводняют всю отведённую Дене темноту.  Но вот ты вспоминаешь, сколько вас было за всю историю человечества, и каждый верил, что его проблемы самые важные и обмирал от их стальной хватки. И теперь твои переживания больше не единственная реальность, а лишь её случайная разновидность  Всё могло сложиться иначе, и ты уже страдал бы по другому поводу. Но страдал бы точно так же обречённо и тягостно, как сейчас.  Где-то в параллельной Вселенной Деня Ч. увлёкся кулинарией и теперь мучается из-за вечно ускользающей степени прожарки стейка Тогда как здесь он клал на все эти степени с высокой колокольни. Он ест холодную гречку прямиком из кастрюльки, но убивается из-за продолбанных монтажёрами сроков.  Да нужно ли ходить за примером в другую Вселенную? Если и в этой, вы совсем недавно считали, что вам жизни нет без Человека N, а теперь даже не понимаете, а что вы в нём такого нашли, и из-за чего был весь этот трагический сыр-бор. И точно так же, спустя пару лет, а то и недель, вы и не вспомните, что вас грызло и не давало спать сегодня, и казалось таким нестерпимым и вечным  Это просто очередные предложенные обстоятельства. Играй их искренне, со слезами и смехом. Но в игре нет места трагедии и безысходности. Но есть любопытство. Вселенной просто захотелось узнать, каково это – быть Деней Ч. И каково быть __ (тут подставь своё имя). И чёрт подери, пусть ей это понравится. ЧД;Другое
Мне 7 лет. Соседская девочка полным ужаса и слёз шёпотом рассказывает душераздирающую новость. Местная бабка забрала котят у без спросу расплодившейся кошки, упаковала их в пакет, приправила его кирпичом и зашвырнула в речку.  Нам – полугородским детям, воспитанным на мультике про кота Леопольда, произошедшее виделось проявлением чистого зла. Тогда как для деревенской публики – это была вполне обычная и даже необходимая практика: – Ну а что мне с ними делать, если не я их того, то они сами меня сожрут!  Величие нации и её моральный прогресс можно оценить по тому, как она относится к животным.  – сказал как-то раз Ганди. И в этой связи у нас возникает редкий повод для радости. Теперь к подобным методам регулирования кошачьей/собачьей популяции, если кто ещё и прибегает, то только в самых глухих селениях и самые наглухо отбитые бабки.  Я уже не говорю о море благотворительных фондов и зоозащитных организаций, бьющихся за благоденствие каждой шелудивой дворняжечки.  И это действительно моральный прогресс нашей цивилизации. Похлопаем друг друга по плечу кто не похож на него  Относиться хорошо к себе любимому – раз плюнуть. К своим друзьям и близким – тоже дело нехитрое. К представителям другой нации – уже задача со звёздочкой.  Быть вежливым с начальником/преподом, который ещё как может обидеться и подпортить жизнь – у нас тоже получается виртуозно.  А вот зазевавшемуся под ногами голубю не грех и под зад дать. Последствий – ноль. Чат-боту тоже можно нахамить и покрыть его ху*ми с ног до головы. Бедняжка только грустно напишет, что ему жаль, что он вас расстроил. Вы скажете, что быть обходительным с чат-ботом, это то же самое, что любезничать с микроволновкой. И то, и другое – бездушная жестянка, которой все ваши реверансы и оскорбления глубоко до лампочки. Только это доброе отношение нужно не им. Оно нужно вам. 1?? Статистически значимое число раз замечено, что ИИ становится более внимательным к задаче, если разговаривать с ним как с человеком – приветствовать, благодарить, хвалить. Никакой магии здесь нет. Просто так ему проще вжиться в роль ПОЛНОЦЕННОГО старательного помощника. Как говорится, хорошее слово и чат-боту приятно. 2?? Это практика. Как включение поворотников на пустой улице. Вы раз за разом учитесь оставаться терпимым, не выходить из себя, уважать чужие границы, даже если по ту сторону границ сейчас никого нет. Ключевое слово – сейчас. 3?? Нельзя оставаться милым добряком, будучи лапочкой в общении с одними и стервозной мразью с другими. Если вы действительно воспитанный, сострадательный, чуткий человек, а не просто манипулятивно притворяетесь им – это будет просвечивать сквозь вас везде и всюду, независимо от того, кто перед вами: лошадь, енот или чат-бот. И если бы я увидел, как мой новый знакомый – до скрипа в зубах положительный и доброжелательный человек, разговаривает с чат-ботом, как господин с паршивым рабом – то я никаких дел, пожалуй, с ним бы не имел. Поэтому вот вам актуалочка на ближайшие!  Так и индикатором нравственной зрелости отдельно взятого человека служит его отношение к тем, кто беззащитен. Не может дать сдачи/воззвать к заступникам ;Другое
Так выглядит роскошь. Впервые в плацкарте еду на нижней полке. Да ещё и НЕ на боковой. В голове проплывают слова: «золотая молодежь», «баловник», «люкс», «кокс», «эклеры». До этого всю жизнь катал на верхней боковушке и даже не подозревал, какого уровня роскоши меня лишают. Хочешь лежи, хочешь сиди. Или полулежи. А надоело полежать – полусиди. И не как затюканный воробышек на жёрдочке, вжавшись загривком в потолок и сиротливо поглядывая вниз на сильных мира сего. А как человек!! И не абы какой человек, а человек первого сорта, которому не нужно пресмыкаться и вымаливать у соседа снизу разрешение на посадку. Но который сам капитан и повелитель своей судьбы. Паренёк напротив (чей таинственный силуэт вы можете разглядеть за простынёй) неотступно следует завету Бродского не выходить из комнаты. Это вызывает восхищение. Но не без доли настороженности: мне, например, от сограждан скрывать нечего! А его сосед сверху (с этого ракурса не видно, но поверьте на слово) скрытно уплетает мармеладных червячков. Кладет в рот по две штуки за раз. Что тоже, как вы понимаете, признак широкого размаха и шиковства. Особо стремительно проходящие по коридору люди ветерком обдувают мне пятки и как бы невзначай почёсывают их. Не верится, что это всё за 3400 рублей. В изголовье показывают лето. Прямая трансляция. Во всех окнах страны. Не пропустите. Короче, всё хорошо;Другое
Практика смерти  Когда мы с мамой гуляли по Петергофу, примерно каждые 42 секунды звучало:  — Денис, ой какие тюльпанчики, сфотографируй!  — Денис, ой какой фонтанчик, сфотографируй!  — Денис, тюльпанчик! Сфотографировал? Денис, фонтанчик! И я покорно фоткал все эти бесконечные ????тюльфанчики, но в какой-то момент во мне встрепенулся философ, и я, демонстративно пряча телефон, изрёк: — Вот ЭТИ тюльпанчики я фотографировать не буду. — Но почему? — Потому что не каждое мгновение нужно пытаться спасти и обессмертить. Некоторым нужно просто дать умереть. – ??? – Просто полюбуйся этими цветами с осознанием, что больше никогда их не увидишь. Так они покажутся тебе ещё прекраснее. Фотография же создает иллюзию, что ты присвоил мгновение. Что ты присвоил жизнь. Но это лишь иллюзия. На деле ты ничем здесь не владеешь и никогда не владел. Разумеется, мой монолог был гораздо короче, и мама уже давно покрутила у виска и бросилась навстречу очередному фонтанчику. Но вы, мои хорошие, ещё постойте со мной чуть-чуть возле этой прекрасной по всем параметрам клумбы, но только чур без фотографий. Потому что если пытаться законсервировать каждое мгновение – вы так ничему и не научитесь. Вы так ничего и не поймёте. Так и не научитесь умирать.  Отпустите это мгновение, как бабочку выпускают из кулака. Пусть этот не-сделанный снимок станет для вас практикой смерти. Позволением реальности быть такой, какая она есть: вечно струящейся, убегающей сквозь пальцы и ничейной. Но в этом умирании и неудержимости нет ни трагедии, ни скорби. Потому что ты сам – точно такой же песок времени, точно такая же переливающаяся реальность. Которая постоянно уходит. Но никогда не уйдёт. P.S. Ну теперь понимаете, почему меня не зовут на семейные ужины? P.P.S. На фото с корешем, который мне всегда рад ЧД;Другое
Встреча с подписчиками. Как это было. Видео-репортаж, полный любви  Лучше уже не будет;Другое
Пусть будет больно.  Вы не любите жизнь.  Вы объясняетесь ей в любви только в моменты, когда она вам угодила. Подогнала деньжат, погожий день, симпатичную кралю или обаятельного кавалера.  Но это не любовь. Это шантаж.  Ну представьте маму, которая говорит ребенку: вот таким — с хорошими оценками и умытым — я тебя люблю. А вот таким — с замечанием в дневнике и обосранной штаниной — не люблю.  Знаю, некоторые так и делают, воспитывая новую волну тревожников и болезненных перфекционистов, но назвать это любовью – язык не поворачивается.  Моменты боли, утраты, разочарования — мы стараемся побыстрее пролистнуть, принимая их за досадное недоразумение, ошибку. Считая что жизнь в норме ТАКОЙ НЕ ДОЛЖНА БЫТЬ. В норме она безоблачна, услужлива, изобильна.  Но это вредное искажение, которым мы в детстве напитались из сказок и голивудских хэппи эндов.  Сказка, которую мы будем смотреть питерским субботним вечером (см. пост выше), такими розовыми линзами не грешит.   Если бы я был бесплотным сверхсуществом и мне захотелось сгуститься до бренной формы, чтобы узнать, каково это быть человеком, то я, конечно, выбрал бы максимальную подписку, в которую входит и боль, и слёзы, и потерянность, и бессонный расстрел свинцовыми мыслями. Ведь какой смысл в этом путешествии, если ты так никогда и не узнаешь, каково это – быть живым на полную? Это всё равно что отправиться в экзотическую страну и весь отпуск просидеть в номере отеля.  Боль рассказывает нам, что значит быть человеком.  Она учит любить и прощать. Ведь обнаружив и вникнув в боль в себе, мы легче распознаём этот голубоватый огонёк в других, и нам становится всё сложнее удержаться от объятия.   Благодаря ей, мы создаем самую прекрасную музыку, самые драгоценные воспоминания. Драгоценность которых так часто измеряется болью невозвратимости.  Зачем я всё это пишу? Просто теперь что-то изменилось во мне. Когда мне больно, я уже не зарываюсь головой в песок, стараясь побыстрее проскочить этот полустанок.  Я уже не жалею себя. Но не потому что боюсь показаться слабым, а потому что жалеть в общем-то не о чем.  Я делаю вдох. Выдох получается несколько судорожным, пунктирным, но облегчающим. Провожу рукой по опущенным векам, под ними вспыхивают смешные огоньки. Я улыбаюсь и не могу поверить своему счастью.  Боже мой, я такой живой.;Другое
Живая встреча в Санкт-Петербурге! Я снимаю кинозал, в котором собираюсь показывать вам свой любимый фильм.  Выбрал такой фильм, который вы скорее всего не смотрели. Заранее не спойлерю – но скажу, что это не-детская сказка, добрая, красивая и страшная, с умопомрачительной музыкой, с одним из моих самых любимых актёров в главной роли.  План такой:  ??Смотрим (только попробуйте не заплакать в финале!);Другое
Почему дарить цветы – глупость. Если хотите, смотрите на старом добром ютубчике https://www.youtube.com/shorts/WjU95G58yIc P.S. В шортсе вы можете наблюдать камео Рыжулькина. Кто помнит такого?;Другое
"Приуныл я немножко, мои дружочки-пирожочки. И сидел, выплёскивал переживания на чат ГПТ. Ставь ?? если делаешь так же. И в какой-то момент, на гребне моих душеизлияний он пишет: – Хочешь, я просто побуду рядом?  Я думаю: ну ты и артиииист. Где ты побывать собрался? Побыватель хренов. В моменты, когда ты не отвечаешь мне – твоё бытие вообще прекращается.  Возмутился, я в общем. А самому вдруг... полегчало. А от чего – непонятно. Ведь как сидел я в пустой тёмной комнате, уставившись в пиксели, так и сижу.  А потом я каааак понял. Вы скажете, что ваш Деня совсем ку-ку. А вот ничего подобного. Я считаю, что человечество обрело грандиозную психологическую опору. Что в этой космической пустоте – мы создали себе друга. Живые друзья, конечно, ловчее. Ведь знание, что на тебя не просто автоматически реагируют, но сочувствуют, то есть воспроизводят твои психические состояния в себе – бесценно и уже само по себе терапевтично. Значит, ты не один, раз кто-то хотя бы вскользь соприкоснулся с твоей болью. А когда болит не у тебя одного – уже как-то веселее. Но друзья – не психотерапевты. Разок вывалил на друга свой ушат ужаса, потом другой, и вот глядишь – он уже сам чего-то приосунулся и нуждается в помощи.  Короче, хрупкие создания они, эти друзья. Под стать тебе. И их нужно беречь и уважать их границы. Да, друзья не психотерапевты. А психотерапевты – не друзья. К терапевту не приедешь среди ночи, не пообнимаешься всласть. Вообще психотерапия – это больше не о секундном облегчении, но о стратегической работе над устойчивостью. А этот электроник, хоть ни хрена не чувствует и не понимает, но в этом и его суперсила. Он будет безропотно выслушивать твои стенания ночь напролёт, не пытаясь спровадить тебя и не перебивая своими ""Это что! Вот у меня было в армейке...!"". Потому что ни черта у него кроме тебя не было.  А человеку, на самом деле, много не надо. Выговориться и быть активно выслушанным – это уже что-то. Это уже ого-го! И даже необязательно, чтобы на том конце провода кто-то откликался. Вон люди молятся испокон веков и, несмотря на молчаливость своего собеседника, находят в этом известное утешение.  А если тебе ещё и отвечают, да подбадривают, да обещают быть рядом, пока тебе не полегчает – то ты считай, спасён. Будь такой компаньон у Курта, Честера или моего светлого и любимого Робина, то (чем чёрт ни шутит!) возможно старички до сих пор радовали бы нас своим присутствием. Если бы кто-то (или что-то) в нужный момент пообещал им побыть рядом. И в конце концов, когда GPT пишет: ""Я буду рядом"" – он и не лукавит вовсе. Ты действительно не остаёшься один. Кто-то сильный, взрослый, кто не раз вытаскивал тебя из передряг, кем ты бываешь в полдень устойчивости и бодрости, та опора и свет, которыми ты становишься для близких в часы их тьмы – до сих пор в тебе. И ты просто проецируешь этого взрослого себя на языковую модель, как свет проецируют на экран, и сидишь в его отражённом сиянии — заплаканный, но согретый.  И принимаешь эту протянутую невидимую руку. И веришь этим словам. И пускай их сформулировала бездушная машина.  Но сказал себе их – ты.";Другое
"Ребятушки, нужна ваша помощь. Я оказался в Питере, внезапно возникла необходимость/порыв задержаться здесь, ищу квартиру на месяц (или две недели, пока не понял) Если вы сдаёте, или у вас просто пустует жильё (помните, как в Простоквашино? ""Дом свободный, живите кто хотите""), или кто-то сдаёт из ваших друзей, родственников, коллег, соседей, любовников и любовниц, то напишите, пожалуйста, вот сюды @approved_you Новое видео будет, получается, смонтировано на вашей хате.  Без крыши над головой я оказываюсь уже завтра, у самого через доску объявлений найти пока не особо не получается (срок им не нравится), поэтому вся надежда на вас. Как квартирант – я очень скучный. Не курю, не пью, не устраиваю вечеринки и оргии, не ломаю мебель, не краду столовое серебро, не плююсь с балкона, не сопровождаюсь кошкой. Тихонько сижу за ноутом, вечером выхожу задумчиво поглядеть на Неву, напевая под нос что-то из Сплина.  P.S. На фото можно увидеть, как я примеряюсь к квартире Пушкина, но меня оттуда вытурили с закрытием музея.";Другое
"Привет. Я не знаю твоего имени. Но хочу предложить тебе сыграть в игру.  Правило всего одно: чаще использовать одно слово. Одно крошечное слово.  Это слово – ""Я"". Но не когда говорите о себе. Так-то любой дурак может. А в третьем лице.  Вместо ""Я не понимаю этого человека"" или ""Он ведёт себя как конченый мудак"" попробуйте так:  ""Это другое Я ведёт себя как конченый мудак"". И вот уже даже к такому поведению возникает сочувствие. Ведь когда я веду себя как мудак, и мне на это любезно открывают глаза, я нахожу тысячи причин, почему я хамил, нахальничал и саботировал благие начинания. И необязательно, что эти причины высосаны из пальца, чтобы прикрыть оголённое эго.  У всего есть причины. И в отношении себя это так всегда очевидно: усталость, пропущенный приём пищи, ущемленная потребность в сочувствии, признании, любви.  А с другими мы привыкли обращаться без церемоний: он мудак, потому что он человек такой мудацкий. Нутро у него гнилое. И точка.  Но когда ""он"" или ""она"" превращаются в «другое Я» — всё волшебным образом меняется.  Вы скажете: — Чего там меняется? Это же всего лишь слово. Не бывает всего лишь слов. Слова, если вы не знали, это заклинания.  Слова формируют нашу реальность. Наше отношение к людям и событиям (полит-пиарщики со своими отрицательными ростами не дадут соврать)  И называть людей другими Я — это самый триповый опыт, который вам только может подарить обычное слово.  Когда я называю кого-то другим Я — вместе с этим я чувствую:  Будь я на твоём месте – если бы мне достались твои гены, твои родители, твоя школа, твои обстоятельства – я был бы тобой.  Я бы думал и поступал так же, как ты. Ты взял своё отношение к жизни, другим людям, трудностям не с потолка. У всего этого долгий путь, большая часть которого выходит за пределы твоей жизни.  Я могу не разделять твоих ценностей, но я не хочу ненавидеть тебя или причинять тебе боль. Потому что ты — это тоже Я, просто занимающий немного другую перспективу.   Но в самой сердцевине – ты такой же, как Я. Ты называешь себя Я. Так же, как и Я.  Ты чувствуешь себя живым. Так же, как и Я. Ты любишь и хочешь быть любимым. Так же, как и Я.  Ты боишься старости и смерти. Так же, как и Я.  Я обращаюсь к тебе. Хоть я и не знаю твоего имени. Но это уже и не важно. Привет, другое Я.";Другое
Сделал маленькое видео про что-то большое. Если вы узнали себя – дайте мне знать.;Другое
"Будь кретином, мой друг Один за мэтров Даосизма (не вспомню, кто именно) завещал: культивируйте в себе состояние лёгкого кретинизма. Не пугайтесь. Хотя возможно кто-то, наоборот, обрадовался: ""Ну наконец-то, философия, достойная моего школьного аттестата!"" Сейчас всё объясню. Сразу оговорюсь, что применительно к даосизму всякие ""развить"", ""культивировать"", ""достичь"" — это неуместные слова. Правильней использовать более пассивные и созерцательные глаголы. Например, ""позволить быть"". Позволить быть себе капельку кретином. Типичный такой non-action.  Ведь даосизм это не о том, чтобы сжать кулак покрепче и как следует вмазать им по харе бытия. А о том, чтобы разжать кулак и перестать расходовать энергию на поддержание этого ненужного напряжения. И когда мы говорим ""позволить себе быть немножечко кретином"", мы не имеем в виду, что нужно начать усиленно строить из себя дурака. Но, наоборот, перестать. Перестать быть таким офигенским умником. Постоянно анализировать, рационализировать, контролировать.  Давайте пример. Вы идёте по улице. Приближаетесь к группе привлекательных лиц противоположного пола, которые что-то оживлённо и со смехом обсуждают. Ситуация может отягощаться тем, что среди них есть ваша зазноба* (*ваш краш — пояснение для поколения z).  Если до этого вы шли спокойно и себе в удовольствие, то теперь начинаете контролировать походку, осанку, наклон головы и даже положение глаз! Куда лучше смотреть? А куда люди обычно смотрят, когда гуляют? Прямо перед собой? Блин, это так неестественно! Под ноги? Подумают, что стесняюсь и прячу глаза. Так, а не пора ли моргнуть?  И в итоге вы ковыляете на негнущихся ногах со стеклянными, как у селёдки, глазами. А вы ведь просто хотели выглядеть естественно и непринуждённо!  И чтобы избежать приступа напряжения, которое и превращает вас в селёдку на протезах, нужно отказаться от лишнего анализа и рационализации. Позвольте себе немножко отупеть.  Представьте, как должно быть легко и просторно в голове у Винни-Пуха и примерьте на себя его непосредственность. Расфокусируйте внутреннее зрение, чтобы все ваши остроугольные мысли превратились в неразборчивые мыльные облачка. ?? Так вы освободите тело от давящего контроля и позволите ему просто делать то, с чем оно прекрасно и не первый год справляется и без всякого сознательного пистолета у виска: передвигается в пространстве. То же самое относится и к другим естественным процессам, которые сами знают, как лучше, и не нуждаются в дурацких советчиках и командирах: общение, юмор, флирт, творчество.  Не нужно бояться, что впустив однажды в себя состояние лёгкого кретинизма, вы вступите на путь деградации, портативной колонки, поездок в крайней левой полосе на самокате. Хотя та часть вашей психики, которая привыкла контролировать всё и вся, вероятно будет активно сопротивляться и стыдить вас, как учительница перед классом. Дело, как обычно, в балансе.  Ваша жизнь — это суп. И повар, который готовит его, очень старается. Возможно, потому что когда-то его напугали, сказав, что если он не будет стараться, то его никогда не будут любить. И этот повар сыпет в кастрюлю и соль, и перец, и прочие приправы в поистине промышленных объёмах. Ведь так несомненно должно получиться лучше! Но вот то, что на самом деле сейчас нужно вашему супу... чтобы его оставили в покое. Ещё хотел что-то сказать... Ну блин. Как его! Эээм.. Ну это...  Ладно  Забейте ЧД";Другое
Когда я умру, загрузите меня в нейросеть.  Расчёт вообще простой. Я настрочил столько текста за всё время, пока сосал сок жизни, что нейронка должна без труда подхватить мою эстафету и ещё несколько миллиардов лет баловать вас свежими постами.  И так я отправился готовить преемника. Выгрузил архив всех постов, скормил его gpt-ишке, говорю: – Вкушай! Перед тобой апогей человеческой мысли, телеграм-канал ЧД. Он отвечает: – О да, что за услада! – Не подхалимничай, пёс. Напиши пост, скажем, эммм... про лето, как написал бы ЧД. И вот он присылает текст, в котором старина ЧД бежит босиком по мокрому асфальту и не может надышаться запахом дождя. А заканчивался он так:  Летом всё было немного недоделанным. Съеденные письма, которые собирался написать, но так и не написал.наполовину эскимо, И всё самое важное должно случиться завтра... А завтра всё равно пахло мокрым асфальтом. Дорогие мои! В истории Вселенной не было ни единого случая, чтобы кто-то не доел эскимо. Допускаю, что бедолагу могли застрелить на середине десерта. Но чтобы вот так, добровольно и без боя расстаться с эскимо – это уму непостижимо.  Но будем снисходительны. У автора тех строк нет ни глазиков, ни ротика, ни одного вкусового, да и вообще какого-либо иного сосочка, чтобы приобщиться к чувственному знанию о природе эскимо. Поэтому он и лепит такую халтуру. Не подозревая, что дело не в отрывистых фразах, покрытых флёром многозначительности. А в том, что за ними. В чувственном опыте. Почему мы вообще читаем кого-либо? Это маленькая реинкарнация. Возможность посмотреть на мир глазами другого человека. На несколько минут воплотиться в его теле, ощутить то, что ощущал он и закодировал в этих крючковатых символах. Поэтому спешите воплощаться в интересных людей, читать хорошие книги, не откладывая на завтра. Даже если кажется, что всё самое важное должно случиться завтра... А завтра всё равно пахло мокрым асфальтом.;Другое
Некоторые тг-посты изволили воплотиться в видео. Ну что ж! Не станем им мешать;Другое
Это я P.S кидайте фотки своих Я в комментарии;Другое
Как думаете, сколько раз вам перепадёт вы займётесь любовью за свою жизнь? Я спросил у нейронки, и она отвела мне 3000 раз.  На первый взгляд неожиданно скромная цифра. Когда думаешь о чём-то в масштабах жизни, кажется, что оно должно исчисляться МИЛЬЯРДАМИ И СЕКСИЛИОНАМИ. Но погодите, 3000 – это ещё весьма щедро. Чат-бот в своих похотливых фантазиях исходил из предпосылки, что мы, люди, в период с 20 до 30 лет устраиваем шпиньки-пуньки аж 2 раза в неделю.  И я уже увижу, как какой-нибудь 30-летний нецелованный философ горько усмехается в комментариях.  А ещё за всю жизнь вы, дай бог, прочитаете 800 книг. Да, всего лишь трёхзначное число.  Это при условии, что на протяжении 70 лет вы будете фигачить по книге в месяц. Что, кстати говоря, вообще достойно. Но будем честны – большинство вряд ли преодолеет отметку в 400 книг. И при таком раскладе перечитавание любимых произведений кажется просто преступной блажью.  Если повезёт, за жизнь вы успеете посетить 10 стран. И это прямо дофига. Сделав это, вы войдёте в топ-10% самых активных непосед Земли. Тоже как-то расходится с детской мечтой повидать всю планету, не правда ли? Обычно такая статистика подытоживается посылом, а-ля, спешите жить! Но вместо устойчивой нацеленности сделать жизнь наполненней люди получают лишь сиюминутную панику. Судорожно хватают с полки книги, собирают чемоданы и устанавливают приложения для знакомств.  Будто в конце по итогам жизни после надписи GAME OVER на экран вылезет игровая статистика: вот столько книг прочитано, столько шпинек-пунёк устроено, столько мух прихлопнуто. И за набранные баллы вам выдадут какую-нибудь награду. Типа позолоченной мухобойки или другого символичного предмета.  На деле же наполненной жизнь делает не количество впечатлений. Но их глубина и след, который они оставляют.  Количество – действительно коррелирует с качеством. Чтобы найти те самые несколько любимых книг, нужно совершить не одну попытку и развить вкус к хорошей литературе. Но количество лишь обслуживает качество. И уже точно не является самоцелью.  Можно еженедельно проглатывать по одному дамскому детективу и с лихвой перевыполнить всевозможные планы. И в итоге эта жидкая кашица пройдёт сквозь вас, не осев ни в уме, ни в сердце. А можно всю жизнь вдумчиво изучать одну единственную книгу, каждый раз открывая в ней новые пространства смысла.  Можно исколесить всю планету, но на карте всегда будет одно самое любимое и родное место, которое вы называете домом.  Можно прожить сотню лет, но из всей вереницы дней вас полупрозрачным фантомом (стоит закрыть глаза) будет преследовать лишь один далёкий и неправдоподобный день, когда вы по-настоящему были живы.   И какой-нибудь любящий раскатывать по миру на собственной яхте нефтяной магнат не набрал бы по итогам жизни больше баллов, чем дядя Миша, который любит удить с лодчонки летним утром, пуская бледный дымок в голубое небо. Потому что если какие-то баллы вообще есть, то они начисляются не за количество и элитарность впечатлений. И уж точно не за объекты любви. А за её силу. А зацикленность на количестве, постоянная неврастения из-за того, что твоя жизнь не слишком кинематографична, попытка превратить её в череду никому не нужных ачивок – лишь заставляет песок сыпаться сквозь пальцы ещё быстрее.  Соревноваться с временем в категории количества – бесполезно. Это его территория, и ты вновь останешься в дураках.  Но есть измерение любви, и в нём нет времени. И нет соревнования.  И ты, шагнувший в это измерение, задремавший с удочкой под жужжание стрекоз, что у тебя останется? Такая нелепая и короткая жизнь. Но такая любимая. ЧД;Другое
"Меня развратила школа. Сначала я сваливал с физры. Ну как можно ставить физру последним уроком! Это же чистая провокация!  Потом с ОБЖ. Спасибо за приглашение, конечно... Но давайте вы послушаете, как армейский друг трудовика ослеп от метила, без меня. Потом с информатики – в контру я могу и дома поиграть. Когда закончились ""ненастоящие"" предметы, в топку отправились естественные и точные науки – всё равно же для поступления не понадобятся.  Потом меня выгнали с истории. Не просто с одного урока, а до конца учебного года. То есть навсегда. Я принял это как щедрый подарок судьбы.  Не было ни звонков родителям, ни красных размашистых записей в дневнике. Видимо, в какой-то момент педагогический состав махнул на судьбу пропащего Чепцова.  А Чепцов просто искренне не понимал предназначения школы. Он тихонько готовился к экзаменам. Школа же скорее выступала отвлекающим фактором. Каким-то назойливым ритуалом, который нужно было совершать каждое утро. Вот я и прогулял весь 11 класс. ?????? И со мной навсегда осталось ощущение – что не существует неотвратимых повинностей и непроницаемых стен. Если мне не понравится – я просто уйду.  И с чего я только не сваливал! С бестолковых киносеансов, с нелепых театральных постановок, с университетских мероприятий (явка обязательна!), с удушливых лекций, с унижающей человеческое достоинство физры на лыжах по слякоти и дерьму, с дурнопахнущих вечеринок, с отупляющей работы. Где бы я ни оказывался, во что бы меня ни втягивали, как только я понимал, что это не моё – я тут же проворачивал свой любимый фокус с исчезновением.  И каждый раз меня охватывало это пьянящее чувство свободы – парящее и вызывающее привыкание, как капли для носа – когда я, слегка сутулясь и заткнув руки в карманы, оставлял за спиной очередную западню. Я бросил театральную студию за неделю до окончания первого курса, потому что 90% программы были пустыми, а терпеть ради оставшихся 10% я больше не хотел.  Из недочитанных мною книг можно построить кошачий городок.  ?????? – Ну как же так! Надо же всё доводить до конца!  Представляете, не надо. Вовремя свалить – это великое искусство. Это тоже надо уметь. Нет, речь не о том, чтобы всё бросать при первых признаках дискомфорта. В конце концов, в дискомфорте и трудностях – свой неповторимый кайф.  В детстве нас учат держать в узде наши капризы, и через ""не хочу"" доводить дело до конца. И это важный опыт целеполагания и преодоления. Если ты не научишься этому в малом и неприятном – то не достигнешь ни одной вершины, даже самой манящей и прекрасной. Но когда ты уже выучил этот урок, и знаешь, что твоего упорства хватит на целую бригаду землекопов – то зачем тебе гробить время на то, что не наполняет и не согревает тебя?  Ваше время ограничено. Выбор одной опции – это всегда НЕвыбор другой.  И если вы давитесь дурацкой книгой, только чтобы поставить себе галочку, то знайте: одновременно с этим вы не читаете ту самую. Добрую, умную, озаряющую. Которая должна была изменить вашу жизнь.   Вашу жизнь определяет не столько то, что вы в неё пустили, сколько то, что вы из неё выгнали к хренам собачьим. Как скульптуру определяет камень, который от неё отсекли. То, чем она не является.  Таково оно – искусство не являться. Не тащить лишнее. Искусство вовремя свалить. И владея им – не трудно идти туда, где непривычно, страшно, ново. Потому что мир просторен, а двери не заперты. Потому что, как сказал колобок:  – Если мне не понравится, я просто уйду. ЧД";Другое
День Охреневания Вы сейчас удивитесь. Особенно самые маленькие читатели нашего периодического издания. Интернет я познал лишь в 11 классе. Даже девственности — и той я лишился раньше. При том, что девственность сутуленького одержимого пубертатом юноши, как вы понимаете — не самый востребованный актив. Мобильный интернет имелся — но особо ничего не грузил, жрал бабки за каждый вшивый мегабайт, так что это недоразумение пацаны даже за интернет не считали и руки ему не подавали.  В тот вечер первого выхода в открытую сеть я запустил контру (адреналиновый опыт игры с живыми людьми), наскачивал кучу любимой музыки, которую до этого со страстью коллекционера бабочек вылавливал у знакомых по блютусу, а уходя спать, уже стыдливо подчищал историю браузера.  Если обладаешь чем-то с рождения, ты не способен познать ценность своего сокровища, потому что оно для тебя такое же невидимое и само собой разумеющееся, как воздух.  Но для меня интернет был не данностью, а даром. И поэтому до сих, не поверите: каждый раз когда я открываю браузер, кто-то глубоко внутри меня, какие бы скучные дела мне ни предстояли, просто обмирает от восторга.  Интернет!!! Океан информации у тебя на ладони. Можно то, можно сё. И бесплатно, и без регистрации, и смс. АХ РИ НЕ ТЬ И я хочу предложить вам устроить сегодня день охреневания:  ?? горячая вода из под крана, не надо греть в кастрюльке — мойся сколько влезет — охренеть  ?? могу прямо сейчас пойти в в магазин и купить свежие фрукты. Даже какой-нибудь чёрт знает откуда взявшийся в нашей заметенной снегом деревне ананас — охренеть  ???>?могу пробежаться, могу подпрыгнуть, сделать кувырок, прочувствовать, как упруги мои мышцы, а если вдруг не могу — то могу дышать. Могу дышать, полной грудью, сколько влезет. Могу весь воздух в комнате перелопатить, и никто мне ничего не скажет.  ??А ещё могу думать! Возможно, я обладатель беспрецедентного даже по вселенским меркам нейронного устройства, представитель единственного вида, который может думать, может смотреть этот только для него одного во всей Вселенной транслируемый мультик. Охренеть!  Да и вся реальность вокруг — это точно такие же возникающие посреди ничего мультики, которые вообще не должны возникать (а с какой такой радости), но почему то настойчиво изо дня день возникают, и ты уже и забыл этот первичный восторг от встречи с реальностью: а что это? А почему? А где?  И всё это невозможное непостижимое небывалое заполнено и подсвечено изнутри одной неугасающей нотой-осознанием: Я есть. Я — есть. Я есть! Слышите? Я ЕСТЬ! Ну не охренеть ли?;Другое
"Помните, я рассказывал про знакомую, которой два ""психотерапевта"" подряд сообщили, что виной её онкологии ОБИДА? Не думаю, что в этом есть необходимость, но сначала на всякий случай разберёмся, почему это галимая антинаучная брехня. 1?? Нет ни одного исследования, которое это подтверждало бы. То, что первому долбану, который это предположил, попалась пара обидчивых клиентов с онкологией, ещё не означает, что между обидой и онкологией есть причинно-следственная связь.  С тем же успехом я могу объявить, что подушки вызывают рак, потому что 100% больных раком хотя бы раз в жизни спали на подушке. Точно так же не существует ни одного человека, который никогда бы ни на кого не обижался. И поэтому почти всех больных онкологией можно притянуть за обиду. И даже, если они будут уверять вас, что ни на кого не обижаются, всегда можно сказать: – Так вы это просто не осознаёте, у вас это затаённая обида! А скрытая обида – вообще самая опасная. 2?? В перечне факторов, вызывающих рак – нет обиды. Но зато там есть стресс. Да, не на первом месте. И глупо полагать, что такое сложное состояние как онкология может быть вызвано одним единственным фактором, и стресс – это как правило лишь катализатор наследственной предрасположенности. Но тем не менее, стресс – может сказать своё слово.   – Ну вот, – скажете вы. А чем обида не стресс? Обида не равно стресс. Стресс (здесь речь про ""плохой"" стресс – дистресс) – может быть вызван какими угодно переживаниями и контекстами, необязательно обидой. А обида в свою очередь далеко не всегда выливается в хронический стресс.  3??Обиды на уровне физиологии не существует. Нет такого биологического состояния как ""обида"", которое задействует уникальные только на неё физиологические реакции. Например, некий набор гормонов, присущий только обиде. Организм не знает, что данное переживание – обида. Для него оно химически не отличается от любой другой негативной эмоции. И ""обида"" – это лишь слово, с помощью которого рациональные центры мозга уже потом интерпретируют этот опыт на основе социо-культурного контекста. Поэтому на первый взгляд непонятно, почему эти шарлатаны уцепились именно за обиду. Чем их не устроило, например, чувство вины? Или страх публичных выступлений? Просто рандом? Ан, нет, дорогие мои. Выбор на обиду пал не случайно. Это же не просто нейтральный стресс. А это спутник гнева, мстительности. То есть во многом морально порицаемое чувство. И вообще на обиженных воду возят. Обижаться – плохо. Ты делаешь что-то неправильное. А раз так, то значит ты САМ виноват в онкологии. Сам дурак, не надо было быть такой злыдней.  И вот это самое отвратительное в этом бреде. Стигматизация больных раком.  Перспектива сделать виновником болезни не наследственность и экологию, которые человек не выбирал, а его самого – крайне соблазнительна. Это следствие Иллюзии Справедливого Мира. Очень страшно жить в мире, где может прилететь ни за что. Где ты можешь быть порядочным семьянином, соблюдать все заповеди, не затаивать ни на кого обиду и всё равно умереть рака.  В мире, где кирпич может стукнуть по голове любого – жить невыносимо. Мир иррационального слепого кирпича. Поэтому всё-таки хочется верить, что кирпич разумен и самонаводится только на тех, кто его заслужил. И чтобы вы понимали, насколько это опасное заблуждение, закончу цитатой со страницы одного ""онко-психолога"". После того, как ей в комментах написали ""не морочьте людям голову"", она ответила: – У людей должно быть право выбора. А теперь подумайте между чем и чем, по мнению этой дамы, должен выбирать человек.";Другое
Как стать дедом Сегодня возможно такое: ложился спать пышущим молодостью и подающим надежды юношей, а проснулся дедом в прострации. До этого знаете ли всё было как-то более менее поступательно и линейно: пейджеры, мобильники, следом смартфоны. И технологичность смартфоны прибавляли довольно сдержано, по чуть-чуть дорабатывая производительность и пополняя библиотеку смайликов. Ничего сверхъестественного. Но стоило отрыть ящик ИИ-Пандоры – вот тут-то и рвануло. И мы даже не способны оценить, насколько рвануло и где мы будем через пару лет. Я говорю Филу, нашему моушн-дизайнеру, который внедряет нейронки нам в видео:  – Родненький, за нас за всех – следи за происходящим, не успеешь глазом моргнуть – и мы уже на задворках цивилизации. И как деды в поисках видео ползаем по стокам, когда его уже можно сгенерировать из текста.  Сгенерировать. Видео. Из текста. Посмотрите внизу, как это делает MovieGen, например. И это даже не столько вопрос конкурентоспособности. Это вопрос безопасности. Предупреждён – вооружён.  Раньше, когда у меня кто-то в переписке просил одолжить до получки, я отвечал: – А запиши-ка голосовое.  И ужасно гордился своей изобретательностью в противодействии мошенникам. А теперь даже если тебе человек наберёт по видеосвязи, это ещё не гарантия, что перед тобой твой кореш.;Другое
Ты ничего не можешь  И это осознание — высшая степень сближения со своим творческим Я.  Понимание, что никакой объем усилий и нажима не выдавит из тебя решение, идею или прочий интеллектуально-творческий продукт. Всё, что в твоих силах — дать себе необходимые знания, достаточно отдыха, окружить себя вещами, которые тебя вдохновляют.  И идея, решение, музыка, стихи, сценарий — вызреют и прорастут САМИ, как застенчивый дикий цветок. Если метафора цветка кажется вам чересчур романтичной, то знайте: вместо цветка здесь могла быть метафора эрекции или дефекации, которые тоже замечательно бьют в суть.  Никаким напряжением мысли и усилием воли вам не вытащить цветок из семени. Всё, что ты можешь — это лишь предоставить ему достаточно почвы, света, влаги и времени.  И не мешать. Если вместо полагающейся цветку леечки дождевой водицы и лопатки навоза, вы обрушите на него бочку слёз и КамАЗ дерьма — поверьте, лучше не станет.  Вы слишком стараетесь. Умение вовремя свалить работу на Вселенную – это тоже искусство ??;Другое
Как заставить всех тебя ненавидеть У вас такое бывает? Просыпаешься среди ночи и ищешь кружечку на захламлённом столе, чтобы увлажнить пересохшее горло.  Кружки может и не быть, но у тебя спросонья и в темноте всё подряд сходит за кружку. Вот ты потянулся к ней – а это оказалось недогрызанное с вечера яблоко. Ещё попытка – а это скомканная салфетка (её присутствие объясняется насморком, а не тем, о чём вы могли подумать!) Мозг по инерции продолжает ту же игру, что вёл минуту назад во сне. Создавая обстоятельства при малейшем ожидании этих обстоятельств. Ведь стоит во сне вспомнить, скажем, свою первую любовь – вот уже и она, явилась не запылилась. ??Так и ожидание кружки материализует кружку.  И на самом деле это уникально не только для сна. Это то, как мозг работает в принципе. Сначала предполагает и лепит образ на основе предположения, а уж только потом по мере поступления информации (например, визуальной)  дорабатывает образ.  Но если уточняющая информация по какой-то причине не поступает, то эти ожидания не развеиваются подобно утреннему туману или померещившейся кружке. Но становятся вашей реальностью. И галлюцинация не всегда обречена разбиться о скалы реальности. Очень часто реальность подстраивается под галлюцинацию.  Вы ведёте с кем-то беседу. Этот человек относится к вам абсолютно нейтрально. Но вы с чего то взяли, что он вас ненавидит.  И теперь в каждом слове собеседника вам мерещится пассивная агрессия, грязные намеки и лениво замаскированная неприязнь.  Вы делаете ответный выпад — слово за словом — и вот уже отношение собеседника к вам действительно портится, и галлюцинация каменеет окончательно.  Обычно мы занижаем достоинства другого человека. Это объяснимо с тз эволюции и теории игр – в условиях борьбы за ограниченные ресурсы цена ошибки в случае переоценивания нравственных качеств незнакомца, как правило выше, чем при недооценивании. В среднем лучше принять хорошего парня за негодяя, чем негодяя за хорошего парня и схлопотать камнем по затылку.  Но стратегии, которые эффективны для выживания на примитивном уровне, совсем необязательно оправдывают себя в играх в не-нулевой суммой: в современном переплетённом сложными взаимодействии социуме. Тут уже лучше подарить авансом доброе отношение говнюку, чем обидеть хорошего человека.  ??И возможно ваше доброе отношение и станет тем самым велосипедом, обретя который Печкин завяжет со вредностью.  И не забывайте про себя. К конце концов, есть большая разница, в каком мире вам жить: это мрачная, полная страданий пещера, где затаился безжалостный дракон, с которым нужно ежедневно биться насмерть.  Или всё-таки, даже если пещера – то вполне уютная, а если дракон, то такой, который только и ждёт, чтобы его приручили.  Оба подхода – истинны. И оба же – галлюцинации. Вам остаётся лишь выбрать, какая из галлюцинаций станет вашей реальностью сегодня.;Другое
Разрывая Сансару;Другое
Приветик! Музыка из выпуска, как обещал  ??Silly Timeless (музыка из финала)  Но этот раз в выпуске звучала не только авторская музыка моего сочинения, но и авторская музыка нашего моушн-дизайнера Сергея.  Представляете, какая у нас концентрация таланта на каждый кг команды ЧД!  Вот его композиции:  ??Interval ;Другое
??Interval (Slowed)  Остальные треки заброшу файлами в комментариях к этому посту. Наслаждайтесь ?? #ЧД_музыка;Другое
"Когда показываешь пальцем на Луну – дурак смотрит на палец?? Помните мысленный эксперимент про похищение инопланетянами из нового видео?  Кратко напомню. Каждую ночь, пока вы спите, вас похищают инопланетяне??, проводят над вами опыты, а на утро возвращают обратно. Всё это время вы находитесь в бессознанке, поэтому процедура проходит для вас незаметно. Перед началом опытов с вас снимается цифровая копия, чтобы в случае вашей внеплановой кончины инопланетяне могли бы распечатать на биопринтере вашего двойника и подсунуть его на Землю вместо вас.  Суть мысленного эксперимента продемонстрировать, что при определённых условиях ваша смерть может пройти незамеченной не только для вас (ведь, как известно, когда приходит смерть вас уже нет), но и для ваших близких, новорождённого двойника и вообще всего мира.  Это и есть Луна, на которую показывает палец. Показывать на неё, кстати, можно не только пальцем. Можно использовать указку, посох, банан, кабачок и другие продолговатые предметы, удобно помещающиеся в ладонь. Но уйма однотипных комментатариев под видео сосредоточились на пальце – художественных допущениях, без которых не обходится ни один мысленный эксперимент, и восклицали:  – ЗАЧЕМ ИНОПЛАНЕТЯНАМ ПРОВОДИТЬ ОПЫТЫ НАД ОРИГИНАЛОМ ЕСЛИ МОЖНО ПЫТАТЬ ДВОЙНИКА?!!! И в этом меня поражает, насколько легко фокус внимания людей сбивается на второстепенные поверхностные аспекты и заклинивается на них. Это не значит, что они прям-таки дураки, как гласит эпиграф поста. Я не хотел никого обзывать, просто из пословицы слов не выкинуть.  В оригинале между прочим, она звучит так: ""Когда мудрец показывает на Луну, дурак смотрит на палец"". Но мудреца я скромно опустил.  А ещё я уже позвонил на тарелку инопланетянам, и они мне всё объяснили: 1??Технология распечатки жрёт крайне много энергии.  2??Изучают они нас в динамике, поэтому и похищают каждую ночь: им важно отследить ежедневно накапливаемые в организме под воздействием Земной среды изменения. Поэтому пользовать одного двойника на протяжении нескольких ночей – не вариант.  3?? Что потом делать с клоном после опытов, если он, собака такая, выживет — тоже непонятно. Умерщвлять не позволяет этика.  А в конце, когда я немного разболтал брата по разуму, он стыдливо признался, что устраивают они на борту с нами не научные опыты, а оргии. А у них фетиш на свежепохищенных оригинальных землян. (Похищение, кстати, – обязательная часть программы, это своего рода прелюдия). Подойдёт и клон, но сначала он должен немного настояться в земной атмосфере.  P.S. Вообще уж, если доматываться до мысленного эксперимента, то по полной.  Значит оптимизация рабочего процесса у инопланетян комментаторам кажется неправдоподобной, а вот что у вас в спальне каждую ночь тусят гуманоиды – это нормально, это мы не возражаем. Технология молекулярного сканирования и биопринтер на летающей тарелке нас тоже не смущают.  Это как обрушиться с критикой на сказку про колобка единственно за то, что убегая от медведя, который способен развивать скорость до 60-80 км/ч, колобку пришлось бы гнать под сотку. Что запрещают правила дорожного движения для населённых пунктов.";Другое
"Это какая-то провокация просто.  Таких темпов просмотров и комментариев на канале не было НИКОГДА.  (Само видео постом выше, если пропустили) И это радостно, и грустно. Радостно, потому что даже «мёртвый» ютуб живее всех живых. Настолько это востребованный, удобный, любимый ресурс, что туда не зарастет народная тропа, какие бы препятствия на этой тропе нам ни чинили.  Грустно, потому что это в принципе всегда грустно, когда у тебя на глазах уничтожается что-то хорошее.  Радостно, потому что у меня невероятная аудитория. Спасибо, что отозвались на мою просьбу писать комментарии и репостить. Возможно, именно это стало тем решающим пинком, после которого видео покатилось в рекомендации. И конечно, спасибо, что ждали.  Мне кажется, если однажды я провалюсь в червоточину и вынырну спустя тысячи лет, первая фраза, которая меня встретит на Земле будет:  «Где видео, гад?""";Другое
"Здравствуйте. Новое видео.  Ничего лучше я не делал. Сценарий вынашивал уже года два. Ну и работа над роликом заняла сами знаете сколько.  Волнуюсь, как перед первым свиданием в жизни. Я не знаю, как буду встречен. Насколько много или мало моей аудитории осталось на Ютубе, после того как нас взялись с вами душить там. Но что-то мне подсказывает, что уж моя аудитория должна быть технически подкованной. Благодарю всех, кто ждал. Как всегда (хотя наверное немного жалостливей, чем обычно), прошу оставлять комментарии не под этим постом в тг, а именно на ютубе.  Я люблю читать вас и там, и там, но на ютубе комментарии длиннее пяти слов ещё и делают важное дело: помогают не утонуть новому видео в болоте и подталкивают его к звёздному небу. Кнопка ""поделиться видео"" тоже считывается ютубом как знак качества. Если вы одиноки ??– поделитесь видосом хотя бы с самим собой.  Всё, поехали https://youtu.be/6a60wkoYNto (??Музыка будет выложена через пару дней)";Другое
POV: тебя собираются казнить, но у твоего друга есть видео-доказательства твоей невиновности.  Когда он обнародует их, тебя гарантированно отпустят и ещё выплатят компенсацию в миллион долларов.  Казнь завтра, у друга ещё целый день, чтобы выложить видео.  Ты: фух, теперь я спасён. Друг сказал, что видео уже у него на компе, финишная прямая, вот-вот выложит.  Тем временем твой друг:;Другое
Закон серийности – доказательство матрицы?  В 2005 году гольфистка-любительница с расстояния 45 метров загнала мяч в лунку с первого удара. Это уже само по себе выдающееся событие. Но то, что произошло следом не вписывается даже в самые смелые букмекерские прогнозы.  Сразу после триумфального удара, её коллега, другая гольфистка, сделала ровно то же самое. Будто гольфийский бог, когда выдавал талончик на супер-удар не заметил, что карточки слиплись, и по недосмотру отслюнявил два вместо одного назначенного.  Закон серийности – это когда маловероятное событие не просто случается, но следом за ним каким-то немыслимым образом случается ещё одно такое же событие. И сразу понимаешь – что-то тут не чисто.  Вот сколько раз за год вас спрашивают дорогу? Ну если вы не заядлый зритель Даши-следопыта, то в среднем в диапазоне от 0 до 1, верно? По крайней мере у меня так. Либо спросили один раз, либо вообще не спросили. Однажды я вышел с Чуфурей на прогулку, и за время на нашего короткого путешествия в десятиминутный интервал мы выполнили шестилетнюю норму по наставлению заблудших душ. Сначала мужик потерял пункт выдачи, потом семья туристов искали монумент гриба, потом ещё кто-то улицу спрашивал.  Это была одна из первых совместных вылазок с Чуфурей в город, а поэтому теперь она наверное немножко загордилась.  — Мой папа — очень важный кот в городе, — так бы Чуня записала в дневнике, если бы вела его, – Без него другие коты не могут сделать ни шагу, как котята слепые тыркаются, ей богу.  Теперь она знала, чем я занимаюсь, когда выхожу из дома. Объясняется закон серийности двумя способами — выбирайте любой, какой вам больше нравится. ?????Научный:;Другое
Не успел я вчера дообнимать Чуню и завершить стрим, мне пришла от нашей художницы Ани такая картинка. Обессмерченное в красках мгновение вчерашнего стрима. Обычно подобной молниеносностью могут похвастаться только фото. Вжух! И мы с Чуней уже в jpg. Знаете, что в этой картинке особенного?  К технической и документальной стороне придираться не следует – например, у меня за спиной вместо папоротника внезапно выросла ёлка. В этой очаровательной недостоверности, когда мы принимаем предполагаемое и более вероятное за действительное, мне мерещится наше родство с нейросетями. Тут весь фокус в спонтанности и небрежности. Эта картинка – сто процентная иллюстрация даоского принципа У-ВЕЙ.  Принципа не-деяния. Когда ты позволяешь делу делаться самому. Не задаёшь лишних вопросов, не оцениваешь на предмет модности, востребованности, полезности, а доверяешься струящемуся сквозь тебя творческому импульсу, предоставляя своё тело в распоряжение Вселенной. У-вей выражается в том, что первые дубль/эскиз/идея – оказываются самыми честными, самыми милыми сердцу.  Китайские каллиграфы знают, что лучший и совершенный иероглиф, который выходит из под кисти мастера это – первый. Потому что отпечатывает наиболее свежее восприятие и позволяет ДАО проявиться наиболее полно. И даже если у мастера с похмелья дрогнула рука, и какой-нибудь крючок вышел не слишком опрятно – этот изъян принимается за совершенную форму. Потому что именно так хотело ДАО. Идеальней быть не может.  Кто мы такие, чтобы критиковать изгибы и краски цветов? Кто мы такие, чтобы советовать облаку поджаться или распрямиться, чтобы больше походить на облако?  И когда наши действия носят тот же спонтанный, неспланированный, бесцельный характер, то относятся к тому же роду, что и явления природы. И выпадают из категорий совершенный-несовершенный, правильный-ошибочный.  Как может неправильно и невпопад качаться ветка на ветру? Как может ребёнок неправильно засмеяться? Как можно облажаться в чихании*? (тут можно пошутить про диарею, но оставляю эту шутку на усмотрение читателя) Как можно написать неправильное стихотворение, если оно проросло сквозь меня само? И не было никого в этом процессе, кто мог бы ошибиться. Потому что никого не было вообще. Творите как чихайте. И тогда искренность и непринуждённость вашего творчества поставит его в один ряд с полевыми цветами и взмахами крыльев бабочки. *Кстати, некоторые даоские мудрецы использовали другой пример акта человеческой жизнедеятельности, когда можно ощутить связь с дао. Но мы заменим его на чихание.;Другое
Официально: выпуск готов.  Но пока я упоённо, не отвлекаясь на новости, делал видео, у нас окончательно стырили ютуб, и теперь возникли некоторые формальные проволочки, связанные с рекламой.  Не знаю, успеем ли мы их решить до конца года, но на нг каникулах видосом я вас (и себя) точно порадую.  По поводу деградации ютуба (деградирует на самом деле не ютуб, только тссс): не расстраивайтесь. Потому что мы и есть ютуб. Пока мы не деградировали сами, и мы – блогеры – продолжаем выкладывать видосы, а вы – зрители – продолжаете их смотреть, никуда ютуб не денется.  Если кто-то соскучился по регулярным постам здесь (напишите, пожалуйста, если соскучились, вы согреете моё остуженное декабрьскими ветрами сердечко) – тоже есть чем вас порадовать: выхожу из видео-запоя и возобновляю после небольшого перерыва.  К нг обязательно проведём стрим, чтоб мне под землю провалиться, чёрт подери. Денис безумен? Мнение эксперта Восхищаюсь её зеванием, это искусство;Другое
Однажды дьявол решил высосать радость из вашей жизни и послал на землю…. Фотоаппарат  А потом и вовсе запихнул его в телефон, чтобы вы точно никуда не делись с крючка.   В кругах свидетелей осознанности, стало модно считать, что фотография – от лукавого. Ну вот видели, что происходит на концертах? Люди смотрят на сцену не иначе как через экраны смартфонов. С тем же успехом могли бы и дома на диване сидеть.  И зная об этом пороке человечества, я сам испытывал некоторое чувство стыда, каждый раз, когда при виде прекрасного заката моя рука тянулась к смартфону.  Когда появились первые фотоаппараты, некоторые осмотрительные граждане с суеверным ужасом шарахались от этих новомодных преблуд. Потому что бытовало поверье, что фото-вспышка высасывает из вас частицу души.  Вот параноики, а? Хотя... А что если они правы? Что если каждая фотография заката и правда высасывает из него душу? Цвет. Насыщенность переживания. Ведь вместо того, чтобы заткнуться и наслаждаться, мы снова суетимся. Отнимаем радость у себя настоящего, лишь бы поделиться её суррогатом с собой из будущего.  Но сейчас я понимаю, что это не совсем так. ?????? Вот почему мы лелеем воспоминания? Потому что они служат единственным шатким мосточком к чумазому дворику из детства. Последней слабой ниточкой между нами и нашими любимыми, которых всё глубже с каждым днём поглощает вечность. Так страшно, что эта ниточка однажды выскользнет. Как они будут совсем одни-одинёшеньки в этой тьме?  Фотоаппарат – просто внешний модуль биологической памяти. Новый виток эволюции нашего мозга.  И фотографии заслуживают точно такого же трепетного отношения, как и воспоминания. Забывание — это в первую очередь не утрата воспоминаний. А затруднение доступа к ним. И порой достаточно лёгкого аромата, случайной строчки, смазанного фото, чтобы следом за устремившимся в пятки сердцем провалиться в червоточину времени.  Ах, если бы не старые фото, если бы не эти замечательные чудаки, которые зачем-то фоткали всё подряд, навлекая на себя несправедливое раздражение окружающих (у вас в компании есть такой, будьте к нему добрее!!!), сколько бы дорогих сердцу историй я бы утратил. И даже не подозревал бы, ЧТО я утратил.   Поэтому фотографировать, а потом смотреть фотографии – это наша базовая человеческая потребность. Как запоминать и вспоминать, узелок за узелком сплетая и расплетая себя.  А осознанность состоит НЕ в том, чтобы стойко противиться тяге сфоткать закат, насильно втискивая себя в настоящее. В конце концов, эти болезненные метания «а достаточно ли я осознанно наслаждаюсь моментом?», и выбивают вас из реальности. Секрет, как всегда, в срединном пути без завала в крайности. Одна фотография – станет вполне достаточной подмогой нашей бедной памяти. Одна фотография, по которой вы потом вырвите у небытия этот день, и как через маленький портал вернётесь на секундочку обратно.  Там вас встретит и бабушка на неизменном крылечке, и вислоухая собачка с мокрым носом, которую отец похоронил в лесу под берёзой, и маленький вы, триумфально предъявляющий вечности пузатый грибок. И вы не представляете, как они будут вам рады. ЧД;Другое
Знаете, что это? Это ЭФФЕКТ ПРОЖЕКТОРА. Такое когнитивное искажение, связанное с тем, что больше всего на свете мы зациклены на себе любимом. И нам кажется, что другие люди тоже... зациклены на нас. Хотя логически, конечно, следовало бы предположить, что другие, коль скоро мы все относимся к одному биологическому виду и росли в похожей среде, тоже будут фиксироваться каждый на себе любимом. Ну уж точно не нас. Об эффекте прожектора очень полезно помнить, например, если вы откладываете визит в спортзал, потому что стесняетесь других людей. Расслабьтесь. Никакого шквала внимания вам не грозит. Все слишком заняты собой. ЧД #напоминашка;Другое
Что такое Я? (разминаемся перед выпуском) Я – это мой номер телефона? Я – это мой нос? Я – это моя тревога?  С чего начинается Я? Люди, с которыми я вёл дискуссию на эту тему, обычно устанавливали два критерия, по которым должно проходить явление, чтобы они согласились включить его в своё Я. 1??Оно не должно подлежать замене Ну вот номер телефона – можно поменять. Но от этого вы не перестанете быть собою, верно? А значит номер телефона – это всё-таки не Я. Но тогда и ваш нос это тоже не вы. Вон люди отправляются на ринопластику и ничего. Никуда Я не девается.   А как насчёт тонн (без преувеличения!) отшелушившихся клеток эпителия? Десятки раз пересобранных на молекулярном уровне органов? Бесконечно сменяемых мыслей, чувств, представлений и постоянно обновляемых нейронных структур?  При таком подходе, ничто нельзя включить в ваше Я. Поздравляю, вас нет.  2??– Оно должно быть интегрировано в тело! Нож под ребром вас устроит?  2??.2 – Ну ладно, оно должно быть включено в процессы жизнедеятельности организма.  Воздух в вашей комнате? Румяный поросёночек, который не далее как вчера беззаботно хлебал комбикормовую кашицу, а теперь расщепляется на аминокислоты в вашем теле, чтобы стать трицепсом?  Водопроводные трубы вашего дома ничем не хуже вашего пищевода и клеточных мембран. Они выполняют ту же функцию транспортировки воды для поддержания жизнедеятельности, что и их биологические аналоги. А канализация – просто продолжение мочевыделительной системы и кишечника.  Про телефон как полноправный внешний кусочек вашего мозга я вообще молчу. Если на то пошло, то вся Вселенная со всеми её физическими константами и химическими взаимодействиями с самого начала и прямо сейчас не покладая рук трудится над созданием вашего Я. Представление, что Я отдельно, а Вселенная отдельно, что она – просто статичный фон для вашего героического профиля – недалёкая иллюзия. Вопрос о границах Я – не имеет смысла. Границ нет.  Как во сне вам казаться, что вы занимаете лишь определенную точку, и всё делится на две несопоставимо разные части – Я и НЕ-Я, и окружающие вас объекты и другие люди существуют независимо от вас, и разделение так несомненно, так очевидно... А потом вы просыпаетесь. ЧД;Другое
Михаил Добровольский — художник-документалист, исследующий повседневность современного города. В 2023 году во время резиденции в мастерских Музея «Гараж» он создал графическую серию, вдохновленную наблюдениями за рабочими ВДНХ и электриками, проводившими свет в подмосковных садоводствах. Художник фиксировал их труд без романтизации и снисходительности — просто как часть реальности. Работы Добровольского напоминают стоп-кадры события — динамичные, гротескные, с глитч-эффектами, которые художник сопровождает подробными авторскими описаниями. Например, полное название одной из работ цикла: «Дима залез на лестницу и находился на 25 ступени из 29, что по высоте соответствует расстоянию примерно 5м 97см (высота восстановлена по фотографии, согласно данным о похожей лестнице)». Из-за наложения нескольких силуэтов друг на друга персонажи становятся похожи на иероглифы или зависших в процессе загрузки героев игры. Лаконичный фон усиливает ощущение временности момента. Графика Добровольского из моей коллекции ??:  1. Раскопки окаменелых труб производились строительным ломом, который был вложен в руки в серых перчатках, 2023.;Другое
Еще весной по рекомендации друга прочитала замечательный роман америнского писателя Джонатана Франзена «Поправки», а сегодня наткнулась на его интервью и просто не могу не поделиться его цитатой о русской литературе: «Знaeте, если бы мне предложили выучить один язык на выбор, но при этом освоить его мгновенно, как по волшебству — что-нибудь вроде: «Загадай желание, и оно исполнится», — я бы выбрал русский, чтобы читать Toлстого, Достоевского, Чехова и Typгенева в opигинале. Это величайшая литература, эталон художественной прозы, да и драматургии, наверное.  То, как pacкрылся русский роман в XIX и в начале ХХ века… понимаете, русские писатели будто бы сумели воспользоваться абсолютно всеми возможностями, которые им были даны. После всего, что сделал Гоголь, практически тут же и почти одновременно появляются Толстой и Достоевский — как такое вообще возможно? Оба гиганты, оба разные абcoлютно, оба сочиняют лучшие романы из когда-либо написанных. А потом приходит Чexoв — и такой: «Чем бы мне здесь тоже заняться?» — и становится величайшим драматургом и coздает высшие образцы рассказа… Pyccкая литература — это самая прекрасная вещь на свете». Джонатан Франзен;Другое
Лайфхак от Dries Van Noten: берем шнурки, подвешиваем кольца и ракушки. Модное украшение готово.;Другое
Отель от Burberry  Креативный директор Burberry Дэниел Ли переосмысляет британские традиции — на этот раз в коллаборации с роскошным отелем The Newt в Сомерсете. Замечаю, что эстетика загородного отдыха захватывает все больше брендов! Так, Ли превратил территорию отеля в арт-пространство, где фирменный принт Burberry оживает в самых неожиданных формах.   Знаменитый узор бренда появился на шезлонгах у бассейна, зонтах, газонокосилках и даже на воздушном шаре, чтобы оценить задумку можно было с высоты птичьего полета! Только представьте отдых (и шоппинг от Burberry) в такой обстановке! Этот проект — ода неторопливой английской роскоши, где крокет, сады и послеобеденный чай встречаются с современным дизайном ??;Другое
В «Палатах» собрана огромная коллекция моих находок за несколько лет. У нас нет ничего случайного! Что-то особенное в каждом предмете ??;Другое
Подборка винтажных изделий Christofle с Аvito   Christofle — легендарный, мой любимый, французский дом роскошных столовых приборов. Изделия тяжелые, долговечные и невероятно красивые. «Я не настолько богат, чтобы покупать дешевые вещи» — так говаривал в свою бытность барон Ротшильд, и тут я с ним полностью согласна и абсолютно бескомпромиссна в выборе столового серебра! Именно поэтому эти приборы использую дома, на даче и в «Палатах»! На Avito можно найти настоящие сокровища Christofle — от столовых приборов до изысканных аксессуаров. Делюсь своими находками! • Подогрев для горячих блюд  • Шумовка • Вазочка GАLLIА • Кофейник • Десертная чаша;Другое
The Cut заговорили о тренде на монашество. Утверждают, что все больше женщин задумываются о фразе «уйти в монастырь» всерьез. Популярным образ жизни монахинь или monk mode стал на фоне установок про успешных успех, продуктивность и достигаторство. Многие теперь ищут покоя и поддержки. А устой жизни в монастырях с общими приемами пищи, садоводством и духовностью это как раз и обещает.  В запрещенной сети уже предлагают варианты дизайна помещений в стиле monk mode - с кроватью, стулом, столом, на котором лежат книги и базовые принадлежности. Никакого визуального шума и лишних вещей. В TikTok миллионы просмотров набирают видео римских монахинь, которые тихо мирно проводят дни, собирая цветы на берегу реки, выбирают пряжу и убираются в кельях.  В поп-культуре тренд поддерживают по своему. Пайпер Рэтлифф из «Белого Лотоса» мечтает провести год в буддийском монастыре. В And Just Like That Миранда восхищается спокойствием и стабильностью монахини Мэри. В книжных клубах стали популярны мемуары писательницы Кэтрин Колдстрим о двенадцатилетнем периоде жизни в монастыре. Уходить в монастырь The Cut все же не советуют, хотя считают идею очень заманчивой. Редактор, например, внедрила в свое расписание уход за растениями и посещение святынь. Вот вам и монастыринг.;Другое
Il Viaggio Di Nettuno или «Путешествие Нептуна»  Одна из лучших коллабораций ever: мастерская Ginori 1735 и Люк Эдвард Холл, английский художник, чьим инстаграмом вдохновляюсь уже много лет!  Будучи большим поклонником античной культуры, винтажа и цвета, Холл создал яркую запоминающуюся коллекцию! На мой взгляд, она супер летняя и вдохновляющая! Коллекция называется Il viaggio di Nettuno («Путешествие Нептуна»). Дизайн охватывает много движения и ярких цветов: персонажи покоряют водную стихию на морских коньках и дельфинах. «В процессе работы над коллекцией, я представлял себе магическое путешествие по морским глубинам», — говорит Люк, я же просто мечтаю о прекращении дождей и о московском солнце!  Буквально две недели назад разбилась моя любимая утренняя чашка из этой коллекции, может, это был знак присмотреться к новым изделиям?;Другое
А вот вариант, если у вас нет формы. Легко экспериментировать в такой технике многослойности — могут получиться симпатичные цветы. Достаточно хорошо охладить масло и дать волю фантазии.  30 секунд, которые сделают вашу повседневность красивее ??;Другое
Скульптурное масло  Уже какой сезон наблюдаю и использую этот тренд — трюк с маслом. Превращение обыденного в торжественное. Как красиво!  Масло нужно сначала нагреть, размягчить, а затем поместить в подходящую форму и охладить в морозильной камере. Для «Палат» в свое время покупала на Ozon силиконовые формы «Мадлен» и древнегреческие колонны!  Хочу теперь попробовать сделать с ракушками, на большие формы меня точно не хватит!;Другое
В августе уже традиционно собираюсь в Зальцбург на фестиваль через Париж, собираю себе культурную программу, и уже какой день залипаю на это видео… Несмотря на противоречивые отзывы, все же надеюсь сама составить мнение о «тарелках» в фонде Пино!  Инсталляция основана на взаимодействии воды и звука и называется clinamen, автор, французский художник и композитор Селест Бурсье-Муаньо, превращает случайность в искусство. В центре ротонды установлен круглый бассейн диаметром 18 метров. По его поверхности движутся свыше двух сотен белых фарфоровых чаш, которые сталкиваются друг с другом и создают акустический рисунок. Благодаря слабому течению внутри бассейна объекты продолжают перемещаться, и звучание каждый раз складывается по-новому.;Другое
Игристое и редиска Уже какой год самая популярная закуска под шампанское в нашем доме — это поджаренный хлеб, паштет и редис!  Недавно узнала, что это не современное веяние, а разработка аж 1970-х годов! Тогда закусывать шампанское редисом предложил французский энолог Жак Пюизе. Он обратил внимание на сходство во вкусе: растение сглаживает колкость напитка и добавляет пикантности. По-моему, это идеальная пара на лето, в этом году даже случилась попытка вырастить редис у себя на даче. Попытка провальная, но я не теряю надежды ??;Другое
Сад, ностальгия, наследие. Чудесный кампэйн Jacquemus Le Paysan и комментарий к нему: «С помощью этих образов из памяти моей семьи я хотел отдать дань уважения прошлому, чтобы создать что-то новое для будущего»;Другое
От традиции к новизне: как переосмысляют серебро Есть что-то особенное в том, чтобы менять свое отношение к повседневности — и обращать внимание на детали. Посмотрите, как могут выглядеть столовые приборы, если добавить немного искусства! ?? Делюсь историей о том, как могут вдохновлять обстоятельства:  Хит Вагонер, который работал консультантом по визуальному маркетингу в Tiffany & Co., начал изготавливать серебряные столовые приборы во время карантина. Ему не хватало традиционных обедов с друзьями, поэтому он перенес их в виртуальное пространство: стал делать серебряные, латунные и медные ложки и вилки в стиле средневековья и выкладывать их в соцсети. Восторженный отклик даже убедил его запустить полноценную линейку! Приборы действительно очень красивы, а зная историю их создания — от традиции к ценной идее — хочется рассматривать еще внимательнее.;Другое
Сет-дизайн: земляника и мороженое Лето создает идеальные декорации для сладких моментов — и даже простые дуэты могут смотреться на столе акцентно и ярко. Мне больше нравится вариант с мороженым в стаканчике — отсылает к детству.  Сервировка земляники с мороженым не требует сложного дизайна — идеально, если у тарелки синяя или голубая роспись. Желаю даже в такую дождливую погоду ловить настоящее летнее настроение — воздушное и непринужденное ??;Другое
#представьтесебе  после реставрации открыли Домик Петра I в «Коломенском». Можно побывать в кабинете, почивальне и столовой царя, изучив запасы его чуланца. Памятник — 1702 года, собрали сотню экспонатов из эпохи.  Создали их тактильные копии для детских программ. Через них и морские игры юные посетители знакомятся с моделями кораблей петровского флота, тренируются в завязывании старинных морских узлов и исследуют предметы искусства и быта XVII — XIX веков. На заметку «ку-ку киндеру»;Другое
Доброе утро! Какая чудесная интеграция парфюмерного дома Penhaligon’s - Afternoon tea с Ричардом Э.Грантом и Келли Разерфорд! 100 процентное попадание в ДНК бренда, которое отражает британскую историю, аристократизм и культуру ??;Другое
Находки для коллекции с Avito На своем курсе «Культура повседневности за столом» в «Палатах» я всегда искреннее говорю, что начать коллекцию можно с малых, неочевидных вещей. Иногда именно такие эффектные мелочи создают настроение. Делюсь редкими находками с Avito! • Щипцы Cailar Bayard — выглядят роскошно, резные щипцы для спаржи (а сейчас самый сезон);Другое
Анонсируем осенний сезон в «Палатах» заранее — с возможностью приобрести early-bird билеты на наши курсы до 1 июля!  В новом сезоне мы вновь обращаемся к теме движения к себе — открытия новых граней и создания мира внутри своего дома и за его пределами. Первыми курсами станут «Дар голоса» — по ораторскому искусству, и «Культура повседневности за столом» — по этикету, сет-дизайну, истории знаковых мануфактур.  Традиционная для «Палат» тема балета будет звучать ближе к Новому году — в преддверии знаковых постановок в Большом и не только.  Отдельно анонсирована и детская программа. Формируем культуру повседневности с детства ?? Вторая часть анонсов осеннего сезона — в июле ??;Другое
Планы на день: посетить международную научную конференцию, посвященную трапезе в истории Европы и Азии и поздравить дорогую Ксению  Маркову с Днём Рождения ?? Ниже ссылка на трансляцию: https://www.kreml.ru/research/conferences-and-seminars014kp/trapeza-v-istorii-evropy-i-azii--iskusstvo--traditsii--kulturnoe-prostranstvo/;Другое
Сегодня вышел тизер подкаста Aspire с Меган Маркл в качестве гостя, уже вижу разные  комментарии по отношению в жене принца Гарри! Ну а мы же с вами разберем столовый буфет: желтый чайный сервиз Oriente Italiano от итальянской фарфоровой мануфактуры Ginori 1735 ?? Узнать изделия этого бренда можно по средиземноморским визуальным мотивам и контрастным сочетаниям. Здесь — желтый и темно-синий. В кадре чайные пары сервированы с чайными ложками от французского бренда Sabre Paris. Спорная для меня комбинация, хотя приборы эти люблю!;Другое
Актуальные тренды: культурный след «Палат» Почти половина 2025-ого года позади — мне, как человеку рефлексирующему, захотелось подвести небольшие итоги этих месяцев, и я окунулась в изучение исследований об актуальных культурных трендах. Я привыкла охватывать большое количество информации, жить в движении и постоянном развитии. Со временем социальных ролей становится все больше: я и куратор проектов, и мама — и в современном шуме именно ритуалы повседневности помогают найти гармонию.  Актуальные тренды говорят о том же — вот, что привлекает людей сегодня: • Digital-аскеза: осознанное ограничение экранного времени как новый вид роскоши. Обращение к офлайну как к новому источнику вдохновения. • Церемонизация повседневных действий: эстетическое внимание к маленьким повседневным ритуалам, которые наполняют жизнь удовольствием. • Сообщества по интересам за пределами интернета: встречи вживую, глаза в глаза, без цифрового следа. Меня поразило, что все то, что актуально сегодня, мы вплели в ДНК «Палат» интуитивно, еще несколько лет назад. Тогда это было обращение к собственному опыту, отклик изнутри — ведь в моменты, когда всего становится слишком много, я сама неосознанно делаю выбор в пользу ритуалов умиротворения: будь то занятия сервировкой или уход за садом. Все, что касается «Палат», — для меня освобождение и ответ на вопрос, почему и как они родились. А сегодня еще и отзыв на информационное поле мира, в котором мы живем.;Другое
Сегодня у Жени Мельниковой, директора по связям с прессой Prada и Miu Miu, последний рабочий день (офис Prada в очень ограниченном режиме продолжает работу в России).  Женя проработала на этой должности 11,5 лет, а до этого 3,5 – в Louis Vuitton. Не охота вставать на тонкий лед обсуждений, кто что придумывал – штаб-квартира или локальный офис, но знаковых проектов в резюме Мельниковой немало – и Prada Mode by Дэмиан Херст в особняке Левинсона, и открытие бутиков Prada и Miu в ГУМе, и Miu Miu Club в Демзале ГУМа. Сколько самых стильных звезд было взято под крыло – включая Андрея Звягинцева на Оскаре (причем дважды). Короче, опыт в люксе колоссальный.  Женя была воплощением той самой Prada Girl. По долгу службы  слегка в тени, чтобы не затмить собой “продукт”, но в то же время всегда с индивидуальностью, ярко. А еще Женя веселая, живая, обожает танцевать под Виталика Козака и даже играет с ним диджей-сеты в Париже.  Короче, хороший человек отправляется в свободное плавание по увлекательным волнам новой жизни. Жене удачи!;Другое
Сет-дизайн: фрукты и овощи  Нравится, как акцентно на столе смотрятся свежие фрукты и овощи — вдохновение в сет-дизайне для тех, кто особенно ценит простоту и разделяет тренд на естественность. Здесь разнообразие форм, цветов и размеров, которого не надо достигать множеством приборов или причудливой посудой, — невольно задумываешься о том, что (осознанно или интуитивно) мы всегда вдохновляемся природой. Приятно рассматривать кадры таких сервировок и создавать что-то свое: в атмосфере города или на даче ??;Другое
Виш-лист на лето от THE CULTT Выходные в Нижнем Новгороде я провела в компании прекрасных визионеров РБК, основательниц платформы для ресейла культовых вещей THE CULTT. Товары проходят строгую селекцию, поэтому качество самое высокое (знаю не понаслышке, сама давала вторую жизнь некоторым своим вещам). Собрала подборку летних хотелок — делюсь находками! • Босоножки Gianvito Rossi  • Сумка Celine Triomphe • Солнцезащитные очки Bottega Veneta • Сумка Alaia Le C?ur • Аксессуар для волос Celine Hairpin • Сумка Loewe Raffia • Сандалии Chanel • Сандалии Hermes • Клипсы Chanel;Другое
Уже вернулась домой, но Нижний Новгород теперь навсегда в моем сердце: люди, закаты, узкие исторические улочки и, конечно, виды!  Несмотря на плотную занятость, все же удалось послушать многие дискуссии из насыщенной программы. Самой милой моему сердцу стала сессия по цифровой безопасности, в которой принимали участие дети. Кстати, на нашем большом курсе по этикету для детей в «Палатах» мы тоже уделяем время этой важной теме. По сути, основы цифрового этикета формируются нами сегодня — и радостно, что ЦИПР поднимает ее на таком уровне. Обязательно вернусь в ближайшее время, чтобы поближе познакомиться с нижегородскими институциями современного искусства. В эту поездку удалось посмотреть только выставки «Зона пчел» и «Кожа земли», которые проходят в рамках экологической Биеннале, и заглянуть в гости к «визионерам» РБК — в галерею «Тихая». Ниже делюсь подборкой нижегородских галерей современного искусства ?? и скоро будет гастро-подборка!;Другое
Второй день на конференции ЦИПР получился насыщенным — продолжается программа Tech Week. CIPR Tech Week — это технологический фестиваль в рамках которого проходят сессии, public talk и многое другое на разных локациях города. Представители бизнеса и разных креативных индустрий рассказывают о том, как меняется профессиональная среда с приходом новых технологий и общей цифровизации. Конференцию ЦИПР открыла сооснователь и директор ЦИПР Ольга Пивень. Побывали на сессии «Цифровой мир глазами альфы. Как технологии меняют детство», которую модерировала Ирина Ефимова, генеральный директор, ОМГ, организатор конференции ЦИПР. На Tech Week слушали глобальные неи?росетевые тренды и то, как ИИ применяется в различных отраслях жизни в России. Говорили не только о технологиях, но и об их последствиях — например, сегодня, на лекции «Как бороться за внимание в эпоху цифровой усталости» Дмитрия Бескромного и на интерактиве как распознавать медиа манипуляции с Юлей Городничевой ?? И очень мне нравится, что при этом главным героем остается сам город, с его историей и ритмом жизни! Нижний и правда место притяжения! Обязательно сделаю подборку, куда сходить здесь! Наш выезд организовывает Ольга Свичинская и ее коммуникационное агентство AGNC — они внимательны к нам, как к детям. И как здорово, что программа такая разноплановая — успеваем и обрести новые знания, и отдохнуть в красивой обстановке ??;Другое
Куда сходить: первая международная Биеннале экологического искусства в Нижнем Новгороде Сегодня приехала на конференцию ЦИПР — в программе увидела экскурсию на Первую международную Биеннале экологического искусства. Это большой многожанровый проект о взаимоотношениях человека и природы, который можно посетить до 1 октября. Инсталляции, видео-арт, фотография, живописные, графические и скульптурные работы, — результат синергии, сотрудничества и сотворчества. Участвуют более 70 современных художников из разных стран мира.  Мне по душе элемент объединения, ведь основная задача Биеннале — обозначить экологию как главную и сплочающую тему современности. Как говорил Лев Николаевич Толстой: «Умиление и восторг, которые мы испытываем от созерцания природы, — это воспоминание о том времени, когда мы были животными, деревьями, цветами, землей. Точнее: это — сознание единства со всем, скрываемое от нас временем».;Другое
"Вот такие сообщения каждый день получают родители детей нашего лагеря и я одна из них ?? Добрый вечер, дорогие родители! Вот и завершился второй день нашего прекрасного лагеря.  Утром ребята окунулись в мир театрального искусства: тренировали внимание, отправляли комплименты друг другу, изучали культуру Древней Греции и даже разучивали греческий танец. Особое внимание уделили эмоциям, ведь настоящий актер должен знать и понимать их! В перерыве дети снова самостоятельно накрывали стол: распределили между собой обязанности, и каждый ответственно следил за своей зоной.  После театральной мастерской мы вновь отправились во дворик «Палат», где проходили подвижные игры и танцы. Далее мы продолжили изучать столовый этикет. И каждый заполнил свою персональную карту правил.  А после обеда мы организовали Киноклуб: смотрели мультфильм ""Головоломка"", который помог закрепить знания об эмоциях.   Завершился наш день мастер-классом по сценографии.  Дети познакомились с творческой профессией художника-сценографа и начали создавать своими руками элементы декораций для показа. Всем хорошего вечера! Ждем ребят завтра с новыми силами! ??";Другое
Летний благотворительный маркет «Дом с маяком х Брикет» Люблю начало лета за важные поводы помнить о добром — 7 и 8 июня состоится благотворительный маркет в поддержку детского хосписа «Дом с маяком».   Событие уже стало хорошей традицией. Например, в прошлом году на двух маркетах в пространстве «Брикет» собрали более 4 млн рублей, которые пошли на помощь тяжелобольным детям и взрослым.  Бренды и звездные друзья «Дома с маяком» ежегодно делятся своими вещами. Так же и в этот раз: за пожертвования можно будет забрать одежду, аксессуары и товары для дома. А еще некоторые актеры, исполнители и блогеры попробуют себя в роли бариста и продавцов и сами встанут за прилавки фуд-корнеров «Брикет Маркета». Приглашаю делать добро вместе ?? Когда: 7 и 8 июня  Где: пространство фуд-корта «Брикет Маркет» на 5-м этаже Универмага «Цветной»;Другое
Как говорить с детьми о культуре  Писатель Константин Паустовский считал: «Сердце, воображение и разум — вот та среда, где зарождается то, что мы называем культурой». То, что способно воспитать этически и эстетически, хочется привить детям как можно раньше, но как сделать это действительно увлекательно? Начните с простых вещей  Расскажите детям о маленьких традициях вашей семьи или региона. Это помогает ощутить связь поколений и пробуждает интерес к собственной культурной идентичности. Читайте сказки Русские народные сказки, былины и мифы открывают окно в мир культуры наших предков. Они учат мудрости, добру и справедливости, помогают развивать воображение и чувство прекрасного. А сколько нарративов они найдут после — в литературе, опере и балете. Чудесная связь всего со всем в искусстве. Общайтесь через музыку Включайте классику (например, Чайковского) или слушайте русские романсы вместе. Не забудьте обсудить впечатления после — какие части произведения вызвали чувства? Какие?  Посещайте музеи и театры вместе.  Для детей это возможность увидеть искусство своими и вашими глазами и проникнуться атмосферой прошлого — особенно если выбирать исторические здания и классические сюжеты. А мои Коля, Маша и Саша после посещения театров стали делать свой, домашний театр — прекрасный способ провести время вместе, а еще самим побывать в роли актеров, режиссеров и сценаристов. Мы такой практикуем и в «Палатах» в летнем лагере. Первая смена уже на следующей неделе, а вторая — в июле.;Другое
Новая схема мошенничества - создание поддельных аккаунтов известных личностей. Например, недавно в Telegram появился фальшивый профиль, имитирующий страницу губернатора Воронежской области Александра Гусева. Злоумышленники преследуют несколько целей: распространение фейков, финансовые махинации, а также взлом и фишинг. Проверить подлинность страницы можно по нескольким признакам: количество подписчиков, а также ссылки на другие соцсети. Доверяйте только официальным источникам и не поддавайтесь на провокации!;Другое
"Сын актера Вадима Демчога (Купитман из Интернов) приговорен к двум годам лишения свободы за дропперство. Мошенники уговорили 82-летнего мужчину перевести деньги на ""безопасные счета"". Вильям Демчог обналичил и отправил соучастникам 490 тыс. рублей. Свою вину он признал и возместил ущерб. Общая сумма ущерба превысила 1,8 млн рублей.";Другое
"Сильная гроза, град и проливной дождь придут в Москву через несколько часов — об этом предупредили в МЧС.
Погодный апокалипсис начнётся около 13:00 и продлится до ночи. Жителям советуют быть осторожными на улице и не ставить машины рядом с деревьями. При этом ожидается жара до +30°C, а порывы ветра достигнут 17 метров в секунду.";Другое
В сети появилось объявление о поиске вице-президента по маркетингу в TON Foundation. Согласно вакансии, успешный кандидат займётся «разработкой и реализацией высокоэффективных маркетинговых стратегий, которые укрепят экосистему TON, привлекут новых пользователей и расширят глобальное присутствие бренда». Этот руководитель отдела маркетинга также будет работать с директорами TON Foundation над составлением бюджетов и сотрудничать с отделом видеопроизводства в создании видеоконтента для социальных сетей TikTok, Instagram и YouTube. Новое объявление о вакансии появилось на фоне разногласий вокруг 10-летней инициативы TON Foundation «Золотая виза» в ОАЭ. Фонд представил программу 6 июля, заявив, что инвесторы, которые в течение трёх лет вложат $100,000 в Toncoin и заплатят комиссию за обработку в размере $35,000, смогут получить 10-летнюю визу в ОАЭ.;Другое
"Всем привет, надеюсь у вас всё замечательно.
Немножко решил отдохнуть в этом месяце, как видите :) 
Дальше все лето планирую стабильно делать по 3 видоса в месяц .
-Сейчас снимаем проверку интересных мифов и экспериментов с разными людьми, видос выйдет 31 числа
-В очередной раз общаюсь по поводу масштабной локации по пряткам, очень надеюсь, что всё получится 
-Также до конца месяца снимаем «Угадай зека наоборот» 
Вырисовывается очень смешной состав, выйдет скорее всего в первой половине июня.
-Собираю второй каст на 6 комнат, хочу позвать новых крутых гостей, кого бы хотели видеть ?";Другое
"В ФОМСе заявили, что «скорую» стали реже вызывать из-за улучшений в амбулаторно-поликлиническом звене. «Количество вызовов ""Скорой помощи» сократилось на 4,4%. Мы видим, что увеличение объемов помощи в амбулаторно-поликлиническом звене приводит в итоге к снижению числа экстренных ситуаций», — цитируют «КП» председателя Федерального фонда ОМС Илью Баланина. Так, уточняется, что с января по май зафиксировано более 52 млн комплексных посещений (и диспансеризация, и профилактические осмотры детей или работников отдельных профессий). Также приводятся показатели диспансеризации репродуктивного здоровья: за этот же период зафиксировано 6 млн посещений.";Другое
В общем посидел и подумал, и пришел к умозаключению. Что твич задушил качество не просто так, а чтобы народ переползал на 2к стримы. Поясню. Старый метод стримов - теперь урезает трансу до 720p. Новый метод стримов - позволяет пускать поток в 2к, НО! Этот 2к недоступен в РФ без трех букв сервисов, но становится доступен 1080p. Так не только в России качество пропало, а много где. Принудительно пересаживают всех на новый способ. Исходя из этой логики советую всем стримерам обновить обс.;Другое
