Медицинский вуз начал выплачивать по 50 тысяч «стобалльникам»  Студентам, поступившим в Самарский государственный медицинский университет Минздрава России (СамГМУ), будут выплачивать по 50 тысяч за каждый предмет, по которому они набрали 100 баллов на ЕГЭ. Каждый студент-стобалльник, поступивший в СамГМУ в 2025 году, сможет получить до 150 тысяч за три максимальных результата. Единовременные выплаты студенты получат в конце 2025 года. В вузе также уже существуют меры поддержки для студентов, набравших на ЕГЭ более 270 баллов. Ежемесячно в первый год обучения они будут получать стипендию в размере 10 тыс. рублей. При необходимости им также гарантировано проживание в общежитии.;Здоровье;
В Белгородской области начали накрывать бригады скорой помощи металлическими сетками для защиты от дронов Напомним, о том, что бригады скорой помощи начнут оборудовать антидроновыми сетками, ранее заявлял губернатор Белгородской области Вячеслав Гладков сообщал. Как теперь сообщают «РИА Новости» со ссылкой на главврача станции СМП региона Алексея Жирова, пять «скорых» уже получили такую защиту — они работают в Шебекино и Валуйках. Всего планируют оборудовать 15 машин СМП.;Здоровье;
Госдума окончательно одобрила право врачей отклоняться от клинических рекомендаций. Минздрав получит право утверждать правила использования клинических рекомендаций в медицинской практике в рамках отдельного порядка. Соответствующий закон принят в третьем чтении в Государственной Думе.  Как пояснил один из авторов поправок, первый зампред комитета Госдумы по охране здоровья Бадма Башанкаев, новые правила позволят врачам действовать более гибко, учитывая индивидуальные особенности клинической картины каждого из пациентов. При этом также будут учтены реальные условия в регионах — финансовые, кадровые и технические возможности медучреждений.;Здоровье;
Московские врачи впервые в России восстановили сустав пациента при помощи собственных клеток. В ФГАОУ ВО «Первый МГМУ имени И.М. Сеченова» Минздрава России поступил мужчина с повреждением хрящей коленного сустава. Травму он получил при падении, когда катался на сноуборде. Некоторое время он продолжал заниматься спортом, но вскоре его самочувствие ухудшилось. Мужчине требовалась операция. Восстановить коленный сустав взялись специалисты Сеченовского университета, но для этого была выбрана не классическая техника эндопротезирования, а современная методика реконструкции сустава с применением выращенной хрящевой ткани из клеток самого пациента. Подробнее о подготовке к операции рассказал «Российской газете» ортопед-травматолог, директор Клиники травматологии, ортопедии и патологии суставов Сеченовского Университета Алексей Лычагин: «В Клинике травматологии, ортопедии и патологии суставов Сеченовского Университета происходит взятие небольших участков хряща, которые сразу же транспортируются в лабораторию биофармацевтической компании — нашего партнера для культивации. На протяжении 5-8 недель идет процесс выращивания хондросфер, затем они фасуются в специальные катетеры — биомедицинский клеточный продукт готов к трансплантации». Хондросферы представляют собой своеобразные шарики, которыми в определенном порядке заполняются дефекты хрящевой ткани. «Постепенно они начинают делиться и активно продуцировать межклеточное вещество. Они достраивают хрящ в дефекте таким образом, что дефект закрывается новообразованным человеческим гиалиновым хрящом», — рассказывал в репортаже «НТВ» профессор кафедры травматологии, ортопедии и хирургии катастроф Сеченовского университета Евгений Калинский. По его словам, характеристики хондросферы соответствуют здоровому аутентичному хрящу человека, и через полгода они полностью заполняют собой дефект. Методика была разработана в Германии 15 лет назад, но сейчас доступна не во всех странах мира. В России такую операцию проводили впервые после длительных клинических исследований. Методику чаще применяют на коленных суставах. Учёные из Сеченовского университета в дальнейшем планируют применять технику для операций на плечевом, тазобедренном и голеностопном суставах. Сейчас пациент чувствует себя хорошо. Период восстановления после операции займёт у него несколько месяцев, всё это время ему будут проводиться контрольные МРТ-исследования. Через год он сможет вернуться к катанию на сноуборде.;Здоровье;
"В ФОМСе заявили, что «скорую» стали реже вызывать из-за улучшений в амбулаторно-поликлиническом звене «Количество вызовов ""Скорой помощи"" сократилось на 4,4%. Мы видим, что увеличение объемов помощи в амбулаторно-поликлиническом звене приводит в итоге к снижению числа экстренных ситуаций», — цитирует «КП» председателя Федерального фонда ОМС Илью Баланина. Так, уточняется, что с января по май зафиксировано более 52 млн комплексных посещений (и диспансеризация, и профилактические осмотры детей или работников отдельных профессий). Также приводятся показатели диспансеризации репродуктивного здоровья: за этот же период зафиксировано 6 млн посещений.";Здоровье;
Голикова заявила об увеличении количества женщин, отказавшихся от абортов «Доля тех, кто отказался от прерывания беременности, возросла почти до 25%. Этого все равно недостаточно, в этом направлении нам предстоит работать. Но, тем не менее, благодаря этому в 2024 году сохранено практически 42 тыс. рождений. И при нашей ситуации это достаточно хороший показатель», — цитируют вице-премьера Татьяну Голикову ТАСС. Отметим, что об увеличении количества женщин, которые отказались от абортов, сообщают и регионы. Так, в Минздраве Свердловской области отчитались о рекордно низком количестве абортов в 2024 году.  А губернатор Вологодской области заявил, что количество абортов сократилось в 13 раз. Отметим, что беременные жаловались на медучреждения региона из-за того, что им отказывают в проведении аборта без законных оснований якобы из-за особых «указаний из Вологды». Прокуратура подтвердила 7 фактов. В правительстве пояснили, что таких отказов нет, а на территории области разрабатывалась маршрутизация женщин, желающих прервать беременность.;Здоровье;
Бастрыкин поручил возбудить уголовное дело против пациента, неоднократно нападавшего на медработников «скорой» Как сообщили в приемной председателя СК, нападение на сотрудников скорой помощи произошло в Казани в июне. Бригада скорой помощи прибыла на вызов к мужчине, который стал удерживать их в квартире, после чего избил врача. Отмечается, что ранее мужчина совершил аналогичное нападение на других медработников.;Здоровье;
Власти Белгородской области отчитались о том, что дефицит врачей в регионе сократился в 6,5 раз, в том числе благодаря «целевикам». «За последние пять лет в регионе удалось сократить дефицит врачей с 674 до 105 мест, среднего медперсонала – с 1158 до 359 вакантных мест. На сегодняшний день в регионе обеспеченность отрасли кадрами соответствует требованиям, установленным Минздравом РФ», — сообщил губернатор Вячеслав Гладков. Как сообщает «РИА новости», одно из ключевых направлений работы — целевое обучение: «такая система подготовки кадров доказала свою эффективность, и регион будет продолжать развивать это направление». Региональные власти решили увеличить количество договоров целевого набора, которые заключат с будущими медиками. Так, в 2025 году студентов-целевиков медвузов станет на 20% больше - порядка 440 целевиков. «Для понимания эффективности: только в прошлом году у нас 300 человек наших детей-целевиков после обучения пришли работать в нашу систему здравоохранения», — рассказал губернатор. Еще одно решение Белгородской области — медицинские классы, которые начали работать с 2021 года. Если в 2021 году было 24 медицинских класса, сегодня их уже 38, а с нового учебного года будет уже 40.;Здоровье;
Департамент здравоохранения проверит больницу после жалобы пациентки на медперсонал, который «сидит в телефонах». В Сети появилась публикация, в которой пациентка БУ «Сургутская окружная клиническая больница» пожаловалась на «плохое» медицинское обслуживание в неврологическом отделении.  Женщина пояснила, что в палатах не моются раковины и полы, отсутствует в нужном количестве горячая вода, не открываются окна, и установлены неудобные клеенчатые матрасы из-за которых сползает простынь и пациентам «становится плохо». Кроме того, пациентка осталась недовольна и медперсоналом: «Все работники сидят в телефонах, медсестра на обращения игнорирует. На замечание грубят технички. Только вид делают, что моют, тележка в коридоре стоит для виду». На жалобу отреагировали в департаменте здравоохранения региона, отметив, что главный врач учреждения взял ситуацию под личный контроль. «По фактам, изложенным в сообщении, в медицинской организации инициированы контрольные мероприятия. Ситуация находится на личном контроле главного врача. По результатам проверки будут приняты административные меры», — сообщили в ведомстве.;Здоровье;
Работу частной клиники, где обещали вылечить аутизм альтернативными методами, приостановили на 90 дней. Напомним, психиатр Степан Краснощеков рассказал «Медицинской России», что в его адрес стали поступать угрозы от руководителя клиники «Планета мед», невролога, профессора Василия Генералова. Поводом для этого стало видео, в котором Краснощеков разбирает методы лечения аутизма, предлагаемые Генераловым.  Так, Генералов рассказывал, что диагноза аутизм нет, и все идеи о заболевании базируются на теории о нейровоспалении. Кроме того, пациентам перед лечением назначают ряд анализов, которые не обладают клинической значимостью. Стоимость курса варьируется от 300 тысяч до 12 млн рублей.  С 20 июня суд приостановил работу клиники на 90 дней, сообщил Краснощеков со ссылкой на постановление суда. Во время проверки были выявлены многочисленные нарушения санитарно-эпидемиологических норм: отсутствие необходимых лицензий вакцин у персонала, «захламленные» помещения. Не велись маркировка инвентаря и учет дезинфицирующих средств,. Также указано, что медицинская деятельность осуществляется «неустановленными лицами без оформленной документации».  Сам Генералов комментировать приостановку деятельности клиники не стал, анонсировав открытие записи на онлайн-консультации.;Здоровье;
Московские врачи прооперировали пациента с гигантской липосаркомой, которая была признана неоперабельной В Научно-клинический центр ФГБНУ «РНЦХ им. акад. Б.В. Петровского» поступил мужчина с гигантской липосаркомой средостения с врастанием в пищевод.  Заболевание началось с появления одышки при физической нагрузке, которая затем стала проявляться и в покое. После обследования была диагностирована липосаркома средостения.  Подробнее о случае рассказал заведующий отделением торакальной хирургии и онкологии РНЦХ им. акад. Б.В. Петровского, д.м.н. Дмитрий Базаров: «В медицинской литературе описано очень мало подобных случаев. Были проведены несколько курсов химиотерапии, которые не привели к уменьшению опухоли, а состояние больного быстро ухудшалось. Единственный шанс в данном случае — это хирургия. Операция представлялась весьма рискованной ввиду высокой вероятности развития тяжелых и даже фатальных послеоперационных осложнений». Пациент ранее обращался за помощью в ведущие российские и европейские клиники, но там случай признали неоперабельным. Специалисты РНЦХ им. акад. Б.В. Петровского взялись за проведение хирургического вмешательства.  Операция длилась 16 часов, в ходе которой работали три бригады хирургов разного профиля: торакальная команда, аортальные хирурги и команда хирургии пищевода и желудка. Несмотря на то, что саркома располагалась вокруг аорты и пищевода, вросла в нижнюю долю правого легкого и стенку грудного отдела пищевода, её удалось удалить. Вес образования составил 4 кг 800 г. «Как и ожидалось, послеоперационный период протекал крайне тяжело. Для купирования смертельно опасных осложнений потребовалось выполнение серии операций, которые привели к ликвидации катастрофы. Благодаря мастерству команды реаниматологов профессора В.В. Никоды клиническим фармакологам РНЦХ во главе с Л.В. Селивановой, диагностическим службам, нашим экспертам в области КТ и эндоскопии, удалось справиться со всеми критическими нарушениями работы органов и пациент был выписан на 112 сутки после сложнейшей операции», — рассказал Дмитрий Базаров.;Здоровье;
В Россию предложили приглашать на работу медиков из Кубы, чтобы восполнить дефицит кадров в здравоохранении Соответствующее предложение высказал в интервью «РИА Новости» главный экономист госкорпорации развития ВЭБ.РФ Андрей Клепач. Он отметил, что раньше в латиноамериканских и африканских странах работали от 20 до 40 тысяч кубинских медиков, которые вернулись на родину «из-за разных геополитических и прочих конфликтов». «В России сейчас дефицит врачей и медсестер, которых можно было бы привезти, допустим, из Кубы, уровень медицины которой весьма высок. Почему бы сейчас их не пригласить в Россию? Думаю, это было бы правильное решение», — сказал Клепач.;Здоровье;
Мясников раскритиковал тарифы ОМС и призвал к реформе здравоохранения Медицинская реформа может начаться только через пять лет после того, как студентов начнут учить по-другому студентов, считает директор больницы Жадкевича Александр Мясников.  «Тут не обойдешься сменой министра, нужно изменить систему, создать другой механизм. Финансирование медицины не может быть по отдельным княжествам, как у нас сейчас, когда губернатор определяет, какие он будет платить зарплаты врачам».  Кроме того, Мясников отметил, что система ОМС становится «невыгодной» для бюджетных медучреждений. «Тарифы ОМС подняли так, что мне выгоднее в частной клинике больного провести через ОМС. Мне больше заплатит страховая компания. То есть по некоторым категориям оплата по ОМС стала для частников предпочтительнее. Однако не будем забывать что в частной больнице на самом деле главная задача – все-таки зарабатывание денег. Вы посмотрите все эти, извините, лжеобследования, которые не входят в ОМС», — считает он. Врач резюмировал, что многие частные центры вводят пациентов в заблуждение при назначении анализов и призвал не тратить свои деньги на «бесполезные бумажки», так как в полис ОМС включены все жизненно важные обследования.  Ранее Мясников уже заявлял, что система ОМС требует пересмотра и повышения «прозрачности».;Здоровье;
Московские врачи исправили грубую деформацию позвоночника  В ФГБУ «НМИЦ ТО им. Н.Н. Приорова» Минздрава России поступил пациент с тяжёлым кифосколиозом, который проявился у пациента в возрасте трех лет.  Долгое время жалоб у пациента не было, он продолжал вести активную жизнь, получил профессию анестезиолога-реаниматолога. Были попытки исправления деформации при помощи корсета и вытяжения, которые не дали ощутимого результата.  Постепенно искривление стало причинять психологический и бытовой дискомфорт, появились боли. Мужчина обращался в различные ортопедические центры в России, Германии и Турции, но везде получил отказ.  Специалисты НМИЦ им. Приорова согласились на проведение операции. Хирурги провели трехколонную остеотомию типа VCR, коррекцию и фиксацию деформации. Пациенту удалили позвонок и ребро, а также имплантировали 21 винт и сетку для позвонка.  В послеоперационном периоде у мужчины начала нарастать неврологическая симптоматика в виде нижнего парапареза. Он восстанавливался при помощи реабилитологов, через месяц после операции он смог самостоятельно ходить.  Угол кифоза у него значительно уменьшился —  с 160 до 37 градусов. Рост мужчины увеличился с 153 см до 157 см.;Здоровье;
Медработникам потребовалось пять дней, чтобы добраться до пациентки из кочевой семьи оленеводов. Вызов поступил от семьи кочевников из Томпонского района (Якутия), передает издание «ЯСИА» со ссылкой на центр медицины катастроф региона. Родители 14-летней пациентки сообщили, что их дочь пожаловалась на сильную боль в бедре, затем начался отек и конечность начала терять чувствительность.   Специалисты республиканского Центра медицины катастроф, анестезиолог-реаниматолог Виктор Потапов и фельдшер Борис Емельянов смогли добраться до места вызова только спустя пять дней после вызова из-за сложных метеоусловий в горном массиве Сунтар-Хаята.  «Мы ежедневно отслеживали изменения погоды и контролировали ход лечения ребенка. Семья поддерживала связь с нами через спутниковую связь, но были дни, когда дозвониться не удавалось», — пояснила руководитель оперативно-диспетчерской службы центра медицины катастроф Республики Марина Торонова. В Минздраве Якутии отметили, что пациентку доставили в Национальный центр медицины Якутии, ее состояние стабилизировалось.;Здоровье;
Суд отказал пациентке в компенсации за якобы сокрытие рисков операции, выполненной 30 лет назад Пациентка обратилась в суд с иском к медучреждению, утверждая, что перед операцией в 1994 году ей не была предоставлена полная информация о возможных рисках, противопоказаниях и последствиях вмешательства. Как уточнили в пресс-службе суда, по мнению пациентки, это стало причиной рецидива заболевания (какого именно, не уточняется). Она требовала взыскать с больницы два миллиона компенсации морального вреда. Суды первой и апелляционной инстанций пришли к выводу, что причинно-следственной связи между действиями врачей и ухудшением здоровья нет.  Второй кассационный суд общей юрисдикции поддержал выводы судов. Он подтвердил, что пациентка была полностью проинформирована о предстоящей операции и возможных ее последствиях. Вины медицинских работников не выявлено.;Здоровье;
Врача, пациент которого умер в подвале больницы, будут судить  Ранее сообщалось, что в середине декабря СПБ ГБУЗ «Городская Мариинская больница» был доставлен мужчина, который затем пропал. Позднее его мумифицированное тело было обнаружено в подсобном помещении медучреждения.  Уточнялось, в частности, что мужчину доставили избитым и в состоянии алкогольного опьянения, а на следующий день он самовольно покинул больницу. Пациент не предупредил медперсонал и не прошел курс лечения. Это расценили как отказ от медпомощи, поэтому выписали. Родственники же пациента утверждали следующее: «Сказали, что он сбежал, отдали какую-то бумажку. Это была выписка из больницы. В выписке было написано, что он упал в 3 часа ночи в туалете и в 10 утра — с лестницы. В 12:40 его не было в палате, мы обыскали всю территорию, нигде не нашли». Тогда было возбуждено уголовное дело по статье о халатности (ст. 293 УК РФ). Доклад о ходе следствия требовал председатель СК РФ Александр Бастрыкин.  Теперь в СК города сообщили, что завершено расследование уголовное дело против врача больницы по статьям об оставлении в опасности и подделке официальных документов (ст. 125 УК РФ, ст. 327 УК РФ). За время расследования допрошено более 60 свидетелей, специалистов и экспертов, проведено семь судебных экспертиз. По версии следствия, врач отделения, где проходил лечение пациент, через 15 минут после его пропажи выписал его из больницы за нарушение режима, «не приняв достаточных мер к его поиску и не убедившись, что последний покинул больницу». Кроме того, он внес ложные сведения в медицинские документы о проведенных им мероприятиях по поиску пациента. Уголовное дело передано в суд.;Здоровье;
Врачам предложили выдать разрешение на отказ пьяным пациентам В России предложили разрешить врачам отказывать в плановой помощи пациентам, находящимся в алкогольном или наркотическом опьянении. С такой инициативой Национальная ассоциация управленцев здравоохранения (НАУЗ) обратилась в Госдуму, Совет Федерации и Минздрав, пишут Известия. В НАУЗ отмечают, что число случаев агрессивного поведения, оскорблений и нападений на медиков со стороны нетрезвых пациентов и их родственников растёт. Работа с такими пациентами не только малоэффективна, но и опасна, подчеркивается в обращении. Авторы инициативы предлагают разрешить врачам отказывать в амбулаторной помощи нетрезвым пациентам, если их состояние не угрожает жизни, не связано с травмами, острыми состояниями, обострением хронических болезней, экстренной медицинской помощью или лечением несовершеннолетних.;Здоровье;
Новосибирские врачи прооперировали пациента с гигантской аневризмой брюшного отдела аорты В ФГБУ «НМИЦ им. ак. Е.Н. Мешалкина» обратился мужчина с сильными болями в спине. В 2023 году на диспансеризации у него была выявлена аневризма брюшного отдела аорты. Пациенту требовалась операция, которую были согласны провести специалисты Центра, но мужчина не приехал. За медпомощью он обратился только в 2025 году, когда его стала беспокоить боль в спине. Пациент приехал на консультацию к сосудистому хирургу в центр Мешалкина.  Подробнее о случае рассказал кардиолог Илья Иванов: «При клинических проявлениях надрыва брюшной аорты мешкать нельзя. Пациент был экстренно направлен на МСКТ-исследование с контрастированием, которое ему ранее не выполняли, и оно показало: аневризматический мешок достиг уже 26 см в диаметре и действительно имеет все признаки разрыва».  Пациенту требовалась неотложная операция, подготовка к ней заняла чуть более двух часов. Были проведены все диагностические обследования, осуществлен подбор донорской крови, собрана операционная команда во главе с заведующим кардиохирургическим отделением № 4 Павлом Игнатенко, разработан план операции. Уже в ходе оперативного лечения вскрылся полный масштаб патологии.  «По всей видимости, надрыв аневризмы произошел уже довольно давно, но привел не к быстрому кровоизлиянию и гибели пациента, а к хроническому подтеканию крови в сторону левого забрюшинного пространства и образованию в нем гигантского кровяного сгустка, закрывшего собой разорванную стенку.  Чтобы была понятна страшная картина, которую мы увидели во время операции, поясню: обычно задняя стенка аневризмы брюшной аорты ограничивается позвоночником — считается, что дальше ей уже некуда раздуваться. В этом случае аневризма окружала позвоночный столб со всех сторон и была заполнена тромбомассами, а задняя ее стенка была представлена полуразрушенными мышцами спины. Давление этой гематомы на позвоночник было настолько мощным, что разрушило тела двух позвонков — отсюда и мучительные боли в спине у мужчины», — рассказал Павел Игнатенко. Хирурги также столкнулись с тем, что на фоне воспаления возник спаечный процесс: к аневризме был припаян кишечник, бифуркация аорты была полностью запаяна. Специалистам удалось провести тотальное протезирование инфраренального отдела аорты. Операция длилась более шести часов.;Здоровье;
"ХМС по Осипову: стоит ли платить за анализ микробиоты? Хромато-масс-спектрометрия (ХМС) — это метод, разработанный микробиологом Георгием Осиповым. Он предположил, что микробы, проживающие в кишечнике, выделяют особые молекулы-маркеры, которые в небольшом количестве попадают в кровь.  Осипов предложил искать эти молекулы с помощью ХМС в крови пациентов, чтобы оценивать состояние микробиоты их кишечника. Предполагается, что это должно помочь в диагностике и лечении некоторых болезней [1]. Такой анализ существует во многих клиниках и лабораториях. Его предлагают сдать при очень широких показания: при запорах и диарее, после приема антибиотиков и даже при болезни Крона. Стоит ли сдавать этот анализ?  Разбираемся вместе с нашими друзьями – телеграм-каналом ""Пей таблетки"" – и гастроэнтерологом клиники docmed Софьей Бакаевой  1?? Автор методики утверждает, что с помощью анализа можно определить около сотни разных жирных кислот, которые выделяют бактерии.  Однако по последним данным наш кишечник населяет не сотня, а несколько десятков тысяч микроорганизмов [2].  Поэтому по-настоящему полную информацию о микробиоме кишечника получить всё-таки не удастся. 2?? До сих пор не ясно, можно ли говорить о «нормальной» микрофлоре кишечника, или же её состав — наша уникальная черта [3]. Для микроорганизмов кишечника не существует общепризнанных нормативов по количеству. А значит, сложно судить об истинном «избытке» или «недостатке» того или иного вида бактерий.  ?? Сам автор признаётся, что на содержание некоторых жирных кислот в крови могут влиять не только бактерии кишечника, но и другие факторы вроде особенностей питания [4].  Например, некоторые жирные кислоты могут быть как метаболитом жизнедеятельности бактерии, так и продуктом переваривания пищи. Отличить их друг от друга невозможно. Таким образом, количество жирных кислот в крови не получается считать показателем, надёжно отражающим состав кишечной микробиоты. 4?? Результаты анализа микробиоты по Осипову выглядят внушительно: огромный список разных микробов, их концентрация, соответствие норме. Но вот только на основании этой информации не получится поставить диагноз и выбрать чёткую стратегию лечения. По крайней мере, если мы говорим о настоящих болезнях и эффективной терапии. Поэтому анализ микробиоты по Осипову не признан мировыми медицинскими сообществами и не включен в какие-либо рекомендации по лечению.  5?? Так как у ХМС нет единой трактовки результатов, то практически любому человеку, прошедшему анализ по Осипову, можно поставить дисбактериоз.  Но и такого диагноза не существует (а почему - рассказывали вот тут). К сожалению, попытки лечения дисбактериоза всё ещё встречаются.  В итоге платный анализ по Осипову приведет в лучшем случае к еще большим тратам и тревоге за своё состояние. А в худшем — навредит здоровью из-за отложенного назначения действительно необходимых методов диагностики и лечения. Поделитесь, назначали ли вам когда-нибудь ХМС по Осипову, для чего это делалось и как интерпретировались результаты?";Здоровье;
Тепловой удар: как спастись от жары. Ближайшая неделя в Центральной России и многих других городах страны будет жаркой. Недавно даже жители Петербурга увидели солнце впервые с начала года — потом, правда, начался ураган Жаркая погода опасна для здоровья, особенно если много времени проводить на улице. В этом посте расскажем, как почему мы перегреваемся и как оказать помощь в такой ситуации. Автор: Владислав Ледовский В норме температура взрослого человека колеблется от 35,3 до 37,7°C. Чтобы не перегреваться, тело выделяет пот, который испаряется и забирает часть тепла. Но этот механизм не справляется, если температура окружающей среды очень высокая, а человек находится на жаре слишком долго.  Тогда развивается гипертермия — этот термин включает несколько состояний. Мы будем говорить о двух. Тепловое истощение. Это повышение температуры до 40°C, которое проявляется симптомами легкой или средней степени тяжести:  – сильная жажда, – слабость и быстрая утомляемость, – головокружение и головная боль, – частые дыхание и сердцебиение, – тошнота, – судороги и боль в мышцах, – потеря сознания. У детей симптомы такие же, но еще они могут стать необычно раздражительными и начать плакать. Объяснить, что с ним не так, ребенок может не всегда — особенно маленький. ?? Тепловой удар. Это тяжелая форма перегрева с температурой выше 40°C. Симптомы такие же, но сильнее. Плюс могут быть судорожный приступ и красная кожа, которая не выделяет пот.  Тепловой удар — это очень опасное состояние, которое может привести к коме, энцефалопатии и смерти, если вовремя не оказать помощь. Солнечный удар — это тот же тепловой удар, вызванный именно солнечными лучами.;Здоровье;
Все, что нужно знать о здоровье почек: подборка от нефролога Данилы Пырикова. Мы редко говорим о болезнях почек и работе нефрологов, которых часто путают с неврологами. А зря. Почки умирают молча и не дают о себе знать до последнего, поэтому часто люди слишком поздно начинают лечение.  При этом у каждого 10-го жителя планеты есть хроническая болезнь почек (ХБП), а среди людей старше 65 лет — у каждого третьего. За последние 30 лет случаев хронической болезни почек стало больше на 41.5%.  Данила Пыриков — практикующий нефролог и наш коллега по миру популяризации доказательной медицины.  В своем канале Данила рассказывает, как сохранить здоровье почек и что делать если проблемы уже есть. Вот какие вопросы он разбирает: ? Как снизить креатинин? ? Зачем нужны статины при хронической болезни почек? ? Вредны ли мочегонные? Обезболивающие убивают почки! Какое давление должно быть при хронической болезни почек? Как курение вредит почкам? Если у вас или ваших близких уже стоит диагноз ХБП — загляните в закрепленное сообщение в канале Данилы. Там есть пошаговый план помощи почкам при этой болезни. Подписывайтесь на канал Данилы и контролируйте здоровье почек.  А еще Данила скоро появится на нашем сайте MedIQ в разделе амбассадоров. Поэтому наша рекомендация искренняя #mediq_здоровье;Здоровье;
Венотоники в лечении болезней вен. Улыбающиеся женщины в платьях демонстрируют идеальные ноги на каблуках — и никаких выступающих вен, сосудистых звездочек или отеков. Примерно так выглядит реклама любого венотоника (флеботоника) — средства для лечения варикозного расширения вен нижних конечностей.  Среди заявленных эффектов — уменьшение венозного застоя, снижение проницаемости капилляров и отечности ног, однако особое внимание уделяется улучшению «тонуса вен». Отсюда и произошло название группы препаратов.  Некоторые производители подчеркивают, что их лекарство борется не только с симптомами, но и с причинами болезни [1].  Разбираемся, где правда, а где просто маркетинг. Эксперт: Евгений Круглов — сердечно-сосудистый хирург, флеболог, один из руководителей проекта «Актуальная флебология», объединяющего врачей и пациентов в поиске ответов на вопросы современной ангиологии. ?? Автор: Дина Муртазина Венотонизирующими свойствами могут обладать различные вещества: • Флавоноиды. Чистый диосмин (Флебодиа 600) и его смеси (микронизированная очищенная флавоноидная фракция, МОФФ) под торговым названием Детралекс и другими • Сапонины. Экстракты семян конского каштана, иглицы колючей, виноградных косточек и листьев красного винограда, экстракт гинкго двулопастного для приверженцев «натуральной» терапии • Синтетические препараты. Например, кальция добезилат • Гликозаминогликаны. Сулодексид, мезогликаны (Вессел Дуэ Ф) Результаты клинических исследований не так радужны, как рекламные слоганы ?? Венотоники уменьшают отечность голеней и лодыжек, а также неприятные ощущения в ногах по сравнению с плацебо. Они улучшают качество жизни, а некоторые из них в составе комплексной терапии ускоряют заживление трофических язв [3]. Однако на данный момент почти нет высококачественных исследований, которые бы сравнивали разные препараты друг с другом, а не с плацебо. Наиболее изученные венотоники на основе диосмина и МОФФ демонстрируют примерно одинаковую эффективность [4].  При этом точный механизм работы многих действующих веществ, призванных повышать тонус вен, до конца не известен [2]. Достоверных данных по эффективности венотоников в виде гелей и мазей еще меньше — в метаанализы их обычно не включают [3]. Что говорят гайдлайны? ?? Американские, европейские и отечественные руководства рекомендуют венотоники для уменьшения боли, тяжести, судорог, усталости и отека ног при варикозной болезни и других заболеваниях вен. Их важными плюсами являются сравнительно невысокая стоимость и малая частота побочных эффектов [5, 6]. Эти данные подтверждаются большим числом многоцентровых исследований. Но в основном эффекты касаются улучшения качества жизни пациентов с хроническими болезнями вен и уменьшения субъективного дискомфорта.  Намного в меньшей степени данные говорят о влиянии венотоников на причины и механизмы развития заболеваний вен. Не отказывайтесь от венотоников, если они улучшают ваше самочувствие и помогают бороться с симптомами заболеваний вен. Но и ждать чудес от этих препаратов тоже не стоит: они не устраняют причину болезни и не обладают накопительным эффектом ??  Вот что рекомендуют флебологи для лечения варикоза [5, 6]: • Компрессионная терапия — основной компонент консервативного лечения. Для компрессии можно использовать чулки, эластические бинты или устройства прерывистой пневмокомпрессии • Упражнения, направленные на стимуляцию мышечно-венозной помпы нижних конечностей и улучшение подвижности голеностопного сустава, что способствует уменьшению венозного застоя • Изменение образа жизни — борьба с избыточным весом, гиподинамией и длительными статическими нагрузками, частые прогулки, отдых в положении с приподнятыми ногами • Оперативное лечение.  Лучший вариант — использовать венотоники в комплексе с другими методами лечения. А перед этим стоит задать вопросы врачу, если вы заметили у себя симптомы варикоза. #mediq_лекарства;Здоровье;
Как врачи относятся к гомеопатии? Многие поддерживают. Вряд ли вы удивились, потому что кто-то же назначает гомеопатию. Она так популярна не только из-за рекламы и рекомендаций в аптеке. Недавно мы рассказывали об опросе о популярности гомеопатии среди покупателей ?? А сегодня появились результаты исследования мнения врачей о гомеопатии [1].  ?? Примерно треть опрошенных врачей регулярно назначает гомеопатию… и столько же верит в ее эффективность  Подробные результаты опроса: Назначаете ли вы гомеопатические препараты? • 47% — нет, они не работают • 15% — иногда, по просьбе пациентов • 13% — да, регулярно, так как они есть в клинических рекомендациях • 13% — да, регулярно, гомеопатия — лучшее лечение ?? • 5% — назначаю, но всегда говорю, что это плацебо.;Здоровье;
Анализы на ВПЧ: почему мужчинам не нужно их сдавать? Это один из самых частых вопросов к нашему вчерашнему посту об анализах на половые инфекции. Там мы рассказали, что искать вирус папилломы человека (ВПЧ) имеет смысл только девушкам. И то в рамках скрининга на рак шейки матки по назначению врача. Рутинный поиск ВПЧ у мужчин не рекомендуют профильные медицинские организации. Зато такую услугу очень любят рекомендовать клиники и лаборатории, которые на этом зарабатывают ?? ? Не существует надежного метода диагностики ВПЧ у мужчин  У женщин мазок для диагностики берут из определенной зоны на шейке матки, где как раз часто живет ВПЧ и вызывает изменения в тканях. А вот откуда брать материал у мужчин? ВПЧ может находиться на теле пениса, его головке, в уретре, мошонке, вокруг ануса. Плюс он не вызывает такие же изменения в тканях, как у женщин.  Это сильно мешает созданию точного метода диагностики. Уже доступные тесты на ВПЧ у мужчин часто дают ложноотрицательные результаты. Теперь давайте представим, что мужчина сдал тест на ВПЧ. Есть два варианта: 1?? ВПЧ не обнаружен. Это не значит, что его нет. А если мужчина ведет активную половую жизнь, скорее всего, есть или был в какой-то момент. Поэтому мужчина все равно может передать ВПЧ партнеру. При этом даже правильно надетые презервативы не сильно останавливают заражение. 2?? ВПЧ обнаружен. Мы не можем его вылечить, хотя недобросовестные врачи и мракобесы периодически предлагают это сделать.  Остается только ждать, чтобы ВПЧ сам ушел из организма — в среднем ему нужно на это два года после инфицирования. При этом если пересдать анализ — ВПЧ может магически исчезнуть. Но тут возвращаемся к пункту №1. ;Здоровье;
Отчаяние вместо чая. Как мошенники продают шоколад для лечения рака за 1 200 000. Недавно наша подписчица написала, что в Сети можно купить био-шоколад на основе стрептококка, который точечно лечит рак. И этот метод придумал американский онколог Уильям Коли, за что получил Нобелевскую премию! Мы решили проверить, что это за метод. Оказалось, что за громкими словами стоят мошенники и недобросовестные врачи, которые наживаются на болезнях и горе отчаявшихся людей. Рассказываем, как мы провели небольшое расследование ?? ? Основатель MedIQ и «Пей таблеток!» Женя Коровин написал представителю био-шоколадного бизнеса — некому Юрию Сердцеву — и спросил, поможет ли метод при раке простаты. Юрий уверенно ответил, что с такой же проблемой у него уже вылечились больше 100 человек, эффективность шоколада больше 75%, а побочек нет. Стоит курс лечения био-шоколадом 1,2 млн рублей ?? Но Юрий сказал, что можно подать заявку через фонд «Миссия», который покроет 70% стоимости лечения. Тогда курс выйдет всего лишь в 375 тысяч рублей. Чуть дороже знаменитого дубайского шоколада. ? Для подтверждения эффективности био-шоколада Юрий отправил отрывок из интервью Алексея Водовозова, где он упоминает штаммы Коли [1]. И это классический пример вырванной из контекста фразы. Алексей сказал, что когда-то была идея использовать метод Коли, но оказался неэффективным.  Поэтому ученые начали исследовать другие варианты создания вакцин от рак. Вакцин. Не шоколада. ? Фонд «Миссия» — это просто сделанный за пять минут сайт [1]. Его задача — сделать вид, что человек может сэкономить почти миллион рублей на лечении. Био-шоколад не зарегистрирован в России как лекарство — Юрий и сам это признает в переписке. Правда, био-шоколад вообще нигде не зарегистрирован как лекарство, а метод Коли считается ненаучным и маргинальным. Его эффективность и безопасность никогда не были подтверждены [2]. А сам Уильям Коли никогда не получал Нобелевскую премию. Но это не значит, что он был плохим врачом и ученым. Коли действительно исследовал иммунотерапию рака.  И вряд ли Коли знал, что после смерти на его имени будут наживаться мошенники. ? В своем Телеграм-канале Юрий рассказывает об успешных историях исцеления. Например, оказывается, он вылечил 10 тысяч человек от гепатита С [3]. А в другом канале они собирают отзывы людей на био-шоколад и другие препараты [4]. На видео — пожилые люди в плохом состоянии. А теперь представьте, что они действительно могли отдать сотни тысяч за шоколад. ? За био-шоколадом стоят и другие люди. Например, Игорь Асадов [5], который говорит, что «безрезультатно лечился 21 год», а потом выздоровел благодаря методу Сердцева. А еще в их сообществах фигурирует врач Анна Демина [6]. Это инфекционист и кандидат медицинских наук. Асадов в своем канале называет ее еще и молекулярным биологом. Опасность таких шоколадок и прочих мракобесных методов не только в огромной цене. Из-за них человек может отложить начало действительно эффективного лечения ?? Мы уже обратились в правоохранительные и надзорные органы для проверки героев этого поста. Но чтобы привлечь их к максимальной ответственности — нам важно найти потерпевших ?? Если вы знаете людей, которые купили био-шоколад или консультацию по лечению у этих предпринимателей, попросите их написать нам — @mediqlab_admin Продвигать лженауку — это ужасно. А еще и зарабатывать на отчаянии людей — просто отвратительно. Бороться с этим — задача нашего проекта. Если ваши близкие страдают от тяжелых хронических заболеваний — проверьте, не используют ли они мракобесные методы лечения.;Здоровье;
Почему препараты со слабой доказательной базой иногда помогают. У нас есть большая подборка, где мы собираем разборы сомнительных лекарств. Там есть как абсолютные фуфломицины вроде гомеопатии, так и относительно эффективные препараты вроде ТераФлю. Часто в комментариях люди пишут, что мы несправедливы к героям этих постов и что на самом деле они помогают. Да и члены нашей команды когда-то сами принимали и назначали пациентам сомнительные лекарства, но при этом видели их эффект.  В этом посте отвечаем всем, кто спрашивает нас: «Как это не работает? А мне помогает!» 1 Многие болезни проходят сами по себе. Очевидный пример — ОРВИ, которая продлится семь дней вне зависимости от приема противовирусных. Иногда хронические болезни в рамках своего естественного течения могут уходить в ремиссию, например рассеянный склероз, рак и многие другие. Если в какой-то момент на пути естественного течения болезни человек примет гомеопатию и БАД или сходит к остеопату, то ему может стать объективно лучше. Но ему бы и так стало лучше. В этом случае мы видим последовательность событий, а не причинно-следственную связь. Чтобы установить причинность между использованием препарата и выздоровлением — нужны высококачественные исследования. И вот их как раз нет у препаратов без доказанной эффективности. 2?? Эффект-плацебо подменяет собой действие лекарств Плацебо-эффект — это когда человек ощущает какое-то положительное действие только от того, что ему дали плацебо, то есть пустышку. Плацебо-эффект не может затянуть язву, убрать воспаление или убить бактерии. Но зато влияет на субъективные ощущения, например на боль и общее самочувствие.  Эффект-плацебо в любом случае сопровождает прием многих лекарств, например обезболивающих и антидепрессантов, а также сам факт общения с врачом.  Проблема начинается, когда под видом настоящих лекарств продают один только плацебо-эффект. Так еще и берут за это большие деньги. 3?? У препаратов со слабой доказательной базой может быть эффект Горячий пример из наших комментариев — Фенибут. Мы подробно разбирали его в этом посте ?? Фенибут действительно влияет на мозг. Только мы не знаем, как именно, потому что препарат не исследовали достаточно подробно. В итоге кому-то Фенибут может помочь, а кому-то — сделать хуже. У препарата не исследовали ни эффективность, ни безопасность.  Производители предпочитают экономить на исследованиях и продолжать хорошо зарабатывать. Это им сходит с рук. 4?? Иногда фуфломицины работают косвенно Например, Ренгалин — это гомеопатический препарат от кашля, то есть там нет действующего вещества. Но он действительно может помочь!  При рассасывании Ренгалина выделяется слюна, которая смачивает горло, а ее глотание подавляет кашлевой рефлекс. Точно так же работает любой леденец.  Но человек может подумать, что именно Ренгалин обладает каким-то особым эффектом. Это играет на руку производителю. 5?? В фуфломицинах и БАДах могут быть настоящие лекарства В 2017 году в США громко обсуждали отравления детей гомеопатическими препаратами. Оказалось, что в сахарных шариках был самый настоящий атропин в высокой концентрации [1]. А еще часто лекарства находят в БАДах. В подборке постов о добавках мы рассказали о нескольких российских проверках, которые обнаружили такие нарушения. При этом человек верит, что покупает хорошую добавку с силой природы, а не злое лекарство. И эффект есть. 6?? Действующее вещество работает, но не в той форме Мы уже разбирали подробно Виферон, потому что его производитель пришел к нам с досудебной претензией. И сейчас с радостью коротко повторим. Интерферон-?-2b — настоящий рабочий препарат, если его использовать в виде инъекций в больших дозировках для лечения тяжелых болезней. Но вот только Виферон претендует на эффект против ОРВИ и гриппа в виде свечей. Так это не работает. Подробнее читайте здесь ?? Если мы что-то забыли или вы не согласны — пишите в комментари.;Здоровье;
Хронический кашель: почему он появляется и что делать. Кашель — одна из самых частых жалоб и причин обращения к врачу. Но при этом нередко его причины и тактику лечения определяют неправильно. Особенно в случаях длительного кашля. В этом посте семейный врач Арон Османович рассказывает, почему иногда кашель длится долгие месяцы и годы. Условно кашель можно разделить на два вида в зависимости от его продолжительности: острый — до трех недель,;Здоровье;
Вакцина от ВПЧ опасна? Разрушаем миф вместе с @ninavaccina ?? Вакцинация от вируса папилломы человека (ВПЧ) — это эффективный способ уменьшить риск развития некоторых видов рака. Мы подробно рассказывали о ней в этом посте ?? Но вокруг этих прививок — особенно Гардасила — ходит много слухов: будто «официальная американская статистика» говорит, что они вызывают инвалидность, аутоиммунные болезни и даже смерть. Мы попросили рассказать о безопасности вакцин от ВПЧ Антонину Обласову — биолога, руководителя некоммерческого проекта «Коллективный иммунитет» и автора блога @ninavaccina. В материалах об опасности вакцин от ВПЧ ссылаются на статистику из базы VAERS — Vaccine Adverse Event Reporting System. Это открытая система отчетов о нежелательных реакциях после вакцинации в США. В VAERS любой человек может внести ЛЮБОЕ событие, случившееся после прививки ?? Например, в VAERS можно внести случай, если кто-то вакцинировался, а через год попал в ДТП или заболел раком. Никто не будет фильтровать информацию на этапе подачи [1]. ?? Для чего нужен VAERS  Эксперты Центра по контролю заболеваний (CDC) и Управления по надзору за лекарствами (FDA) проверяют отчеты и ищут необычные тенденции. Если потенциальная угроза есть — запускают более глубокое исследование. ?? Для чего нельзя использовать VAERS Данные из системы не позволяют установить причинно-следственную связь между вакцинацией и вредом здоровью. А также нельзя сравнивать частоту нежелательных реакций между прививками, так как отчетность добровольная и неполная. Антивакцинные активисты часто выдёргивают из VAERS отдельные записи о смертях и инвалидности — без учёта фонового риска, возраста, сопутствующих болезней и времени между вакцинацией и событием. CDC, FDA и ВОЗ подтверждают безопасность Гардасила и сообщают, что серьезные побочные эффекты встречаются реже 0,001% случаев. Подробнее об анализе данных VAERS можно прочитать по ссылке ?? Если после вакцинации у кого-то нашли дисплазию или рак шейки матки — это не означает, что вакцина не сработала: ? возможно, заражение ВПЧ произошло до вакцинации,;Здоровье;
Почему вы не высыпаетесь и что с этим делать? ??  Для начала надо перестать читать посты в Телеграме поздно вечером и ночью У нашей команды, как и у многих других, с режимом сна непростые отношения. Но мы решили наконец-то разобраться, что нужно делать, чтобы не просто спать по восемь часов, а реально высыпаться. ? Спите по графику Циркадные ритмы — это внутренние часы организма. Они сбиваются, если вы ложитесь и встаете в разное время. Даже «отсыпание» на выходных сбивает сон, как смена часовых поясов [1]. Подробно про циркадные ритмы мы рассказывали в этом посте.;Здоровье;
В одном зеленом магазине с продуктами теперь можно купить лекарства с отметкой о доказанной эффективности. Это нам сегодня показали. Новость интересная, потому что онлайн-аптека начала отделять адекватные препараты от фуфломицинов.  Если это станет трендом/модой/стандартом — будет круто, потому что все еще большинство россиян не знает, что многие препараты не имеют доказанной эффективности и только высасывают деньги.  В 2024 году в топ-20 лекарств по стоимостному объему продаж попали шесть препаратов без доказанной эффективности. Они приносят своим производителям буквально миллиарды рублей, при том что они экономят на исследованиях.  Подробнее читайте в нашем посте с разбором аптечных продаж ?? А еще в тему новости напомним, что на сайте нашего проекта mediqlab.com можно проверить эффективность лекарств, безопасность их взаимодействия и риски при их использовании  ?? Подробно объясняем, чем полезен наш сайт и почему о нем стоит рассказать близким?? ?? Эффективность лекарств На mediqlab.com есть все зарегистрированные в России препараты. Вам нужно просто ввести название лекарства и вы сразу увидите, есть ли у него доказанная эффективность. Для этого мы оцениваем: – исследования на PubMed, ;Здоровье;
Профилактика ВИЧ-инфекции: как не заболеть даже после незащищенного секса ?? Самый частый способ передачи ВИЧ — секс. А правильно использованная барьерная контрацепция — надежный способ защиты. Но иногда все идет не по плану: случился незащищенный секс или презерватив соскользнул. Есть ли у партнера ВИЧ? Он сам может не знать о своем статусе. Но в такой ситуации все равно можно предотвратить заражение. Сегодня мы попросили фонд фонда СПИД.ЦЕНТР @aidscenter рассказать рассказать о до- и постконтактной профилактике ВИЧ [1] ?? Этот пост приурочен ко Всемирному дню памяти умерших от СПИДа, который отмечают каждое третье воскресенье мая с 1983 года. А в Россию День памяти пришел в 1992 году.  Люди до сих пор умирают от СПИДа, хотя современная медицина позволяет человеку с ВИЧ-инфекцией прожить долгую жизнь без ограничений. Для начала давайте уточним термины: ? ВИЧ — вирус иммунодефицита человека.;Здоровье;
Сколько людей доверяет гомеопатии? Каждый третий, кто вообще о ней слышал ?? ВЦИОМ [1] провел опрос среди 1 тысячи человек старше 18 лет, чтобы изучить их отношение к гомеопатии. Вот что они узнали ?? ? 48% опрошенных сообщили, что никогда не принимали гомеопатию и ничего о ней не знают. Правда, это не значит, что они действительно ее не использовали. Люди могут просто не знать, что принимают гомеопатии. Гомеопатические «лекарства» иногда прячутся от своей репутации и называются «релиз-активными препаратами». В итоге и врачи, и пациенты могут использовать их, не зная, что принимают. Подробнее читайте в этом посте. ? Среди всех опрошенных 32% доверяют гомеопатии. Это на 7% выше, чем в 2017 году, когда был проведен предыдущий опрос ВЦИОМа. ? 19% сказали, что использовали гомеопатию, а 16% — что ее принимают их родственники. Среди них разово принимали гомеопатию 37%, а неоднократно — 47%. 56% их тех, кто использовал гомеопатию, довольны ее эффектом. При этом 64% будут использовать ее повторно. ? При этом чаще всего гомеопатию используют женщины в возрасте от 34 до 59 лет, проживающие в крупных городах и имеющие высшее образование и доход выше среднего.  Возможно, у людей с доходом ниже среднего просто нет денег на такой дорогой сахар ?? ? Почему люди решают принимать гомеопатию: 31% — по рекомендации врача. Это выстрел в самое сердце. Медики сами формируют спрос на гомеопатию. 26% — по советам знакомых и родственников. 24% — по рекомендации врача-гомеопата. Формально таких докторов не существует в системе высшего медицинского образования, но в реальности они есть… 11% — прочитали о гомеопатии в интернете. 8% — у них был положительный предыдущий опыт. 8% — по рекомендации сотрудника аптеки. К сожалению, часто они финансово заинтересованы в продаже гомеопатии и других малополезных лекарств и БАДов. У нас был про это пост. Гомеопатия приносит своим производителям буквально миллиарды рублей ?? В 2023 году аптеки продали 15,7 млн упаковок гомеопатии на 10 млрд рублей [2]. Это на 3,6% больше по количеству и на 11,1% больше в деньгах, чем в 2022 году. Плюс еще и средняя цена одной пачки выросла на 7%. При этом производить гомеопатию намного дешевле, чем настоящие лекарства, потому что не нужно тратиться на действующее вещество и исследования. Достаточно сказать, что сахарные шарики работают, а кто не согласен — физику и химию не учил. Чтобы случайно не купить гомеопатию — проверяйте препараты на нашем сайте mediqlab.com ?? Это быстро, бесплатно. Да еще и деньги экономит. А ниже мы собрали список препаратов, которые скрывают свою гомеопатическую суть — запоминайте, чтобы не покупать дорогой сахар: – Проспекта;Здоровье;
Эффективность вакцины зависит от того, насколько хорошо спрогнозировали антигенную структуру циркулирующих штаммов. Вот что известно о прошлых сезонах: ?  2022–2023. Эффективность ~50% (хорошее совпадение с H3N2 и линией В/Victoria). ?  2021–2022. Эффективность ~35% (доминировал H3N2 с антигенными изменениями). ?  2020–2021. Данных меньше из-за мер против COVID-19, но эффективность оценивалась выше (~60%), так как циркуляция гриппа была низкой. ??  Сколько вакцин можно ставить за один раз? И с какими прививками нельзя ничего совмещать? В большинстве случаев за один раз можно ввести столько вакцин, сколько вам сейчас необходимо: это безопасно, эффективно и экономит время. Но есть случаи, когда вакцины нельзя вводить в один день: ? Вакцину БЦЖ против туберкулеза нельзя совмещать с любыми прививками.  ? Разные вакцины от одной и той же инфекции — это неэффективно и может привести к более выраженным реакциям (хотя и не приведет к вреду для здоровья, если такое случится по ошибке). ? Не рекомендуется в один день вводить вакцины от желтой лихорадки и от кори и паротита. ? Людям с аспленией или ВИЧ не стоит совмещать вакцины Превенар 13 и Менактру. ? Российская инструкция к вакцине от бешенства запрещает другие прививки во время проведения курса экстренной профилактики, хотя это ограничение не обосновано научно. #mediq_здоровье;Здоровье;
Косметика с доказанной эффективностью? ?? Наш канал — это часть проекта MedIQ, где вы можете проверить эффективность лекарств, проверить безопасность их взаимодействия и найти много чего еще о препаратах. Сейчас мы работаем над новым проектом KremIQ, где можно будет проверить эффективность уходовой косметики. А в этой сфере очень много рекламных обещаний, которые не имеют под собой никакой доказательной базы. А еще мы разрабатываем алгоритм диагностики типа кожи и подбора средств для ухода. И нам нужны ваша помощь ?? Update ?? Мы собрали ответы на тест. Спасибо всем, кто принял участие! Весь процесс займет пять минут. Вы узнаете больше о вашей коже, а мы улучшим наш алгоритм ??;Здоровье;
Вакцинация от ВПЧ: рассказываем, как прививка спасает от рака ?? Вирус папилломы человека (ВПЧ) — это большая группа вирусов, которые передаются половым путем: чаще всего в момент вагинального или анального секса, но иногда и просто из-за тесного контакта кожи.  А так как презервативы не спасают от контакта кожи с кожей, то и остановить передачу ВПЧ они могут не всегда. Поэтому большинство сексуально активных людей хотя бы раз в жизни сталкивались с этой инфекцией. В большинстве случаев ВПЧ никак не проявляется и самостоятельно исчезает из организма в течение двух лет. Но иногда инфекция становится хронической и приводит к болезни: от бородавок до рака. Хорошая новость: от ВПЧ есть вакцина. Рассказываем, кому, когда и зачем она нужна  В этом посте мы опираемся на материалы некоммерческой организации «Коллективный иммунитет». Полную методичку можно скачать по ссылке ?? Проявления инфекции ВПЧ зависят от штамма вируса, который попал в организм: ? 6 и 11 штаммы. Из-за них в большинстве случаев появляются папилломы и бородавки в аногенитальной зоне и на других частях тела. Эти образования доброкачественные, но они могут вызывать эстетический дискомфорт. ? 16 и 18 штаммы. Они ответственны за большинство случаев развития рака шейки матки — это четвертая по распространенности опухоль среди женщин в мире. Есть еще 12 онкогенных штаммов ВПЧ, но они не так часто приводят к раку шейки матки. Кроме того, ВПЧ может вызывать опухоли ротоглотки, ротовой полости, гортани, пениса, влагалища и вульвы. Но это более редкие ситуации. Основная цель вакцинации от ВПЧ — профилактика развития рака шейки матки. Поэтому в первую очередь прививать стараются девочек. Лечения инфекции ВПЧ не существует ?? Либо организм сам избавится от вируса, либо нам придется столкнуться с его последствиями: удалять бородавки или бороться уже с раком. Если врач назначил вам лечение, чтобы избавиться от самого ВПЧ, рекомендуем обратиться к другому специалисту. В России доступны две вакцины против ВПЧ: ? Церварикс. Против двух штаммов ВПЧ: 16 и 18. Такая вакцина значительно снижает риск развития рака шейки матки. ? Гардасил. Против четырех штаммов ВПЧ: 6, 11, 16 и 18. Эта вакцина снижает риски не только рака, но и генитальных бородавок. Вакцинация против ВПЧ не входит в Национальный календарь прививок, поэтому не все россияне могут получить ее бесплатно. Но некоторые регионы создают свои программы профилактики — их список есть в методичке.  Если вы не можете получить прививку бесплатно — сделать ее можно в частной клинике. За одну дозу нужно будет отдать 10–15 тысяч рублей ?? Сколько доз вакцины нужно?  Это сложный вопрос. Современные данные говорят, что человеку до 21 года достаточно одной прививки, а старше — две. Более консервативная позиция такая: две дозы нужны детям в возрасте от 9 до 13–14 лет, три дозы — людям от 14–15 до 26 лет и тем, у кого есть иммуносупрессивное состояние. Рекомендуем обсудить этот вопрос с врачом, которому вы доверяете, и выбрать подходящий режим вакцинации.  Прививаться ли мальчикам? Да. Защита от раков, связанных с ВПЧ, актуальнее для девочек с позиции частоты болезней. Но и парни снизят свои риски. Кроме того, вакцинация мальчиков снижает вероятность распространения инфекции у их потенциальных партнеров.  Есть ли смысл в вакцинации, если я уже живу половой жизнью или у меня уже обнаружен ВПЧ? Да. Вы могли быть инфицированы одним или несколькими штаммами ВПЧ. Но вакцина может защитить вас от других. К тому же у большинства инфицирование не переходит в хроническую фазу, а саморазрешается в течение 1-2 лет. Вакцинация защитит от повторного заражения. Прививаться ли взрослым? Вызывает ли вакцина бесплодие? Какие нежелательные реакции стоит ждать? На эти вопросы ищите ответы в методичке «Коллективного иммунитета». А если вы вакцинированы от ВПЧ — поделитесь в комментариях своим опытом: как получили прививку? сколько это стоило? ? #mediq_здоровье;Здоровье;
Клещевой энцефалит: как и зачем вакцинироваться ?? Клещевой энцефалит (КЭ) — это острое вирусное заболевание, которое проявляется лихорадкой, интоксикацией и поражением нервной системы и может привести к инвалидизации и даже смерти. Вирус клещевого энцефалита переносят… собственно, иксодовые клещи. Во время укуса они инфицируют человека. Клещи активны с начала марта и до поздней осени. Против КЭ нет специфического лечения, но болезнь можно предотвратить, если вакцинироваться. Рассказываем, как сделать это правильно.  В этом посте мы опираемся на материалы некоммерческой организации «Коллективный иммунитет». Полную методичку можно скачать по ссылке ?? КЭ — это эндемическое заболевание, то есть оно распространено только на определенных территориях, где обитают иксодовые клещи. Список таких регионов для России составляет Роспотребнадзор.  Проверить эндемичные регионы по КЭ можно на этой карте ?? Бесплатная вакцинация от КЭ положена людям, которые проживают постоянно или планируют посетить эндемичные регионы. И здесь речь не только о долгих туристических поездках. Например, в Москве клещей нет, но они водятся в Дмитровском и Талдомском районах Московской области. Поэтому жителю столицу достаточно немного проехать на электричке, чтобы оказаться в зоне риска. Чтобы получить прививку, нужно обратиться в поликлинику. Там вам предложат первичную вакцинацию или ревакцинацию: Если вас никогда не вакцинировали от КЭ или вы не помните этого, то начать нужно с двух доз: – Первая доза — в день обращения или тогда, когда в кабинете вакцинации есть свободные места. – Вторая доза — через 1–7 месяцев после первой. Но период можно сократить до двух недель — это называется ускоренной вакцинацией – Ревакцинация — через 9–12 месяцев после второй дозы. Это нужно, чтобы поддерживать иммунитет.  Если вы уже вакцинированы в прошлом — даже много лет назад, — схему прививок можно продолжить с того места, где остановились.  Иммунитет против вируса КЭ появится примерно через две недели после первичного курса вакцинации, то есть двух доз. Есть миф, что в эти 14 дней риск заболеть увеличивается, но это не так. У вас просто не будет защиты. ?? Есть и другой миф — пройти полный курс вакцинации или ревакцинироваться нужно обязательно до начала весны, а иначе это не имеет смысла. Это не так, потому что клещи активны до поздней осени. Представим, что вы живете в Москве и хотите поехать на Алтай в октябре, но у вас нет ни одной прививки от КЭ. Первую дозу вы можете получить в мае, а вторую — в период с июня по сентябрь. Тогда к моменту поездки вы будете под защитой. Конечно, имеет смысл прокачать иммунитет против вируса КЭ до начала весны, особенно если вы живете в эндемичном регионе. Но если вы этого не сделали — лучше поздно, чем никогда. ?? У вакцин против КЭ есть реакции: чаще всего бывают головная боль, сонливость, покраснение места прививки и повышение температуру до 37,5 °С. Но они легкие, а их продолжительность обычно не более трех суток.  Такой дискомфорт — малая цена за предотвращение потенциально смертельной болезни. При этом вакцина безопасна для применения у беременных женщин и кормящих грудью матерей. Что в итоге ?? Вакцинация от КЭ — это бесплатно, полезно и безопасно. Подробнее о прививках читайте в методичке «Коллективного иммунитета» #mediq_здоровье;Здоровье;
Не все лекарства можно принимать одновременно — и вот как узнать безопасность их взаимодействия ?? Когда препарат попадает в организм, то вступает в сложные химические реакции. Только после этого мы получаем заявленные в инструкции эффекты.  Но этот процесс может нарушиться, если одновременно принять лекарства, которые влияют друг на друга. Есть два варианта развития событий: лечебный эффект либо ослабнет, либо усилится, а вместе с ним и побочки.  Чем больше препаратов и БАДов принимает человек — тем выше риск нежелательных взаимодействий: ????? Чаще всего от этого страдают люди с несколькими хроническими заболеваниями, особенно пожилого возраста.  ????? Но и для условно здорового человека есть риски: тут приняли таблетку от головной боли, там — от изжоги, потом — антидепрессант, а с утра — комплекс витаминов и микроэлементов для здоровья. Проверить взаимодействие препаратов можно на нашем сайте MedIQ в разделе «Совместимость лекарств»: нужно просто ввести название лекарства или действующего вещества. По силе межлекарственные взаимодействия можно разделить на три уровня:  ?? Слабое взаимодействие или его отсутствие. Это значит, что препараты существуют параллельно и практически не влияют друг на друга. Их можно спокойно принимать одновременно, по крайней мере в стандартных дозировках.  Пример: парацетамол и лираглутид (противодиабетическое) можно совмещать без проблем.  ?? Умеренное взаимодействие. В этом случае препараты могут ослаблять или усиливать эффекты друг друга, но риски для здоровья обычно не очень высокие. В идеале стоит обсудить безопасность такой комбинации лекарств с врачом, чтобы он оценил потенциальную пользу, риски и возможность замены препаратов.  Пример: ибупрофен и антидепрессант эсциталопрам могут повысить риск кровотечений, но обычно такая побочка возникает в пожилом возрасте или у людей с болезнями почек и печени.  ?? Сильное взаимодействие. Это значит, что риски для здоровья заметно превышают любую возможную пользу. Самостоятельно такую комбинацию препаратов не стоит использовать. Важно обсудить взаимодействие с врачом. Пример: обезболивающие ибупрофен и кеторолак противопоказаны для совместного приема, потому что вместе вызывают сильные побочки со стороны почек и желудка. Но я принимал ибупрофен и кеторолак при сильной боли — живой, побочек не было На силу взаимодействия влияют:;Здоровье;
Атаракс — любимый препарат тревожных людей ?? Атаракс — очень популярный препарат, потому что дешевый и относительно безопасный, а еще его часто продают без рецепта, хотя это и противоречит закону ?? Иногда, когда нас спрашивают, чем заменить глицин или фенибут для борьбы с тревогой, так и хочется порекомендовать именно Атаракс. Но все не так просто. Спойлер: не бойтесь, у Атаракса есть доказанная эффективность, по этому пункту у нас нет претензий  Гидроксизин по своей структуре — это антигистаминный препарат первого поколения, то есть изначально его хотели использовать против аллергий. Но во время исследований обнаружили интересные побочные эффекты: седативный и противотревожный. ?? Тогда побочные эффекты стали главными. Так гидроксизин перешел в группу седативных средств и анксиолитиков — их иногда по-старому называют транквилизаторами. При этом гидроксизин не вызывает привыкание и зависимость, а при длительном приеме синдром отмены у него очень слабый.  Плюс побочные эффекты либо редкие, либо слабые: чащего всего бывают сонливость, головная боль, сухость во рту, слабость и утомляемость. Какие показания к приему Атаракса указаны в инструкции: ? Взрослым для купирования тревоги, психомоторного возбуждения, чувства внутреннего напряжения, повышенной раздражительности при неврологических, психических (генерализованная тревога и расстройство адаптации) и соматических заболеваниях, а также при хроническом алкоголизме, алкогольном абстинентном синдроме, сопровождающемся симптомами психомоторного возбуждения;Здоровье;
Новый выпуск посвящен тому, о чем терапевты в большинстве своем не знают, – трансляционной неврологии. Это мост между фундаментальной наукой и клинической практикой. Ее цель – превратить лабораторные открытия (в генетике, клеточной биологии, молекулярной нейронауке) в эффективные методы диагностики, лечения и профилактики неврологических заболеваний. Мы решили показать вам, дорогие коллеги, как изучение механизмов заболеваний (например, нейродегенерации, эпилепсии, инсульта) приводит к разработке биомаркеров, а затем и созданию как новых методов терапии (включая генные, клеточные и иммунологические), так и самих препаратов. Трансляционная неврология уже активно входит в нашу практику!  ?? Здесь и биомаркеры болезни Альцгеймера (например, pTau в ликворе или крови), и оптимизация нейровизуализации при инсультах (искусственный интеллект + perfusion imaging), и новые антиэпилептические препараты,  созданные на основе механизмов ионных каналов, и многое другое. ?? Электронную версию уже можно читать на сайте, а печатная скоро прибудет в ваши почтовые ящики! #новый_номер@newtjournal;Здоровье;
Острый лимфобластный лейкоз (ОЛЛ) — самое распространенное злокачественное заболевание крови у детей, составляющее до 80% всех детских лейкозов. Ежегодно диагностируются сотни новых случаев. Несмотря на существенные успехи в терапии, ОЛЛ остается трудной проблемой в детской онкогематологии. В передаче «ОЛЛ у детей. Что нового в клинических рекомендациях» в рамках цикла «Сложные вопросы онкогематологии: практика и перспективы» д.м.н., профессор, заведующий отделением детской онкологии и гематологии (химиотерапии гемобластозов) НМИЦ онкологии им. Н.Н. Блохина и профессор кафедры детской онкологии РМАНПО Тимур Теи?муразович Валиев разберет: ?? новые аспекты диагностики и стратификации риска ОЛЛ, обновленные протоколы химио- и таргетной терапии, место поддерживающей терапии и трансплантации костного мозга. ?? Трансляция начнется 7 июля в 16:30 Нажмите кнопку «Напомнить», чтобы получить уведомление о начале. #гематология@firstmedtv #онкология@firstmedtv #педиатрия@firstmedtv;Здоровье;
Множественная миелома — это второе по распространенности гематоонкологическое заболевание после лимфомы.  Рецидивирующая/рефрактерная множественная миелома (РРММ) представляет собой серьезную клиническую проблему, требующую новых подходов к терапии, особенно в условиях, когда пациенты становятся резистентными к предыдущим линиям лечения. В формате круглого стола «Полностью пероральный триплет в терапии рецидивирующей/рефрактерной множественной миеломы» с модератором к.м.н. Ольгой Александровной Аликовой будут представлены доклады и пройдет дискуссия с участниками: «Последовательность терапии у пациентов с РРММ. Обзор клинического случая» (Prof. Philippe Moreau, Франция). «Пожилой, коморбидный пациент с РРММ: обзор клинического случая» (Dr. Claudio Cerchione, Hematology Unit, Италия). «Биохимический рецидив у пациента с множественной миеломой: обзор клинического случая» (Dr. Eva-Maria Autzinger, Австрия). Видеозаписи докладов иностранных спикеров будут переведены на русский язык. ?? Трансляция начнется 7 июля в 15:00 Нажмите кнопку «Напомнить», чтобы получить уведомление о начале. #гематология@firstmedtv #онкология@firstmedtv;Здоровье;
Нарушения липидного обмена выявляются у значительной части молодых взрослых (до 30%). Многие случаи остаются недиагностированными. При этом показано, что раннее начало гиперхолестеринемии увеличивает риск сердечно-сосудистых событий в будущем. В передаче «Высокий холестерин у молодых. Подводные камни» в рамках курса Superheroes & Docmed Academy врач-кардиолог Наталья Владимировна Подгородетская разберет: особенности назначения липидограммы молодым пациентам.;Здоровье;
!46% врачей назначают гомеопатические препараты. Результаты опроса на сайте «Врачи РФ» В июне «Актион Медицина» в партнерстве с «Врачи РФ» проводили анонимный опрос по поводу вашего отношения к гомеопатии. Мы проанализировали ответы и сравнили их с результатами аналогичного опроса 2023 года. Все больше врачей склоняются к докмеду, а Минздрав пока отмалчивается. Подробнее с результатами опроса вы можете ознакомиться в публикации на нашем официальном сайте.;Здоровье;
Рак молочной железы (РМЖ) является самым распространенным онкологическим заболеванием среди женщин, составляя до 25% всех случаев женского рака. Лечение HR+/HER2- подтипа, на который приходится до 70% всех случаев, отличается широким спектром опций адъювантной терапии. Как определиться с тактикой? В обсуждении в рамках XI Петербургского международного онкологического форума «Белые ночи 2025» соберутся эксперты по лечению РМЖ. Модерировать дискуссию будет д.м.н., зав. научным отделом инновационных методов терапевтической онкологии и реабилитации НМИЦ онкологии им. Н.Н. Петрова Татьяна Юрьевна Семиглазова. Темы выступлений: «Предупрежден, значит вооружен – оценка риска рецидива РМЖ».;Здоровье;
"""красные флаги"" в поведении, которые должны быть показателями к срочной госпитализации.  #новости@firstmedtv";Здоровье;
Острый тромбоз геморроидальных узлов — одно из наиболее частых неотложных состояний в проктологии, встречающееся в среднем у 30–40% пациентов с острым геморроем. Это состояние сопровождается выраженной болью и требует своевременного определения тактики лечения. В передаче цикла «ПРОКТО-ФОКУС» пройдет эфир на тему «Острый тромбоз наружных и внутренних геморроидальных узлов: ждать или сразу оперировать?». Ведущий передачи, к.м.н., врач-хирург, колопроктолог, главный врач, руководитель клиники лазерной хирургии Михаил Юрьевич Черепенин и гость эфира, врач-колопроктолог Иван Александрович Пахомов, разберут: диагностику и дифференциальную диагностику острого тромбоза.;Здоровье;
Деменция, большая часть которой приходится на болезнь Альцгеймера, поражает более 55 миллионов человек во всем мире. Средняя продолжительность жизни пациента после установления этого диагноза составляет около 6 лет, но может достигать 11 лет и более.  Как вести таких пациентов на протяжении многих лет? В круглом столе примут участие к.м.н., доцент кафедры болезней старения и зав. лабораторией нейрогериатрии Элен Араиковна Мхитарян, к.м.н., старший научный сотрудник отдела гериатрической психиатрии Яна Борисовна Федорова и к.м.н., врач-невролог, ассистент кафедры нервных болезней и нейрохирургии Динара Александровна Гришина. Эксперты обсудят: актуальность проблемы долгосрочного ведения пациентов с болезнью Альцгеймера.;Здоровье;
Ингибиторы протонной помпы (ИПП) – одни из самых используемых препаратов для лечения различных состояний желудочно-кишечного тракта во всем мире.  По данным крупного международного исследования, ИПП принимают 23,4% взрослого населения, а доля назначений этих препаратов, особенно на длительный период времени, стабильно растет.  В клинической практике ИПП назначают: при язвенной болезни желудка и двенадцатиперстной кишки.;Здоровье;
обеспечение мониторинга и поддержки. Полный текст статьи смотрите на сайте. Как пересмотреть показания к длительному назначению ИПП и убедиться, что вы все делаете правильно – показали в алгоритме. #anamnesis_morbi@newtjournal;Здоровье;
Деменцией страдает около 55 миллионов человек в мире. Болезнь Альцгеймера, самая распространенная ее форма, составляет 60–80% случаев. Разнообразие клинических вариантов и темпов прогрессирования этого заболевания усложняет диагностику и выбор тактики. В телесеминаре «Гетерогенность болезни Альцгеймера: что это означает в реальной клинической практике» д.м.н., профессор кафедры нервных болезней и нейрохирургии Владимир Владимирович Захаров разберет: клинические варианты болезни Альцгеймера и их особенности.;Здоровье;
Минздрав России утвердил новые клинические рекомендации по лечению ретинобластомы у детей (МКБ С69.2).  В студии Первого медицинского канала Татьяна Леонидовна Ушакова, д.м.н., ведущий научный сотрудник НИИ детской онкологии и гематологии, расскажет: что нового появилось клинических рекомендациях.;Здоровье;
Из определения клинрек исключат термин «протоколы лечения», чтобы избежать путаницы. По мнению экспертов, четкий статус рекомендаций в качестве ориентира поможет уйти от шаблонного подхода и даст врачам больше свободы. В то же время отклонения от рекомендаций потребуют аргументации от медиков: это усилит ответственность врачей. Напомним, что на сайте Первого медицинского канала есть бесплатные интерактивные гайды, которые наша редакция подготовила на основе клинических рекомендаций. Они помогут ознакомиться с самым важным в удобном формате. А еще ссылками на гайды удобно делиться с коллегами! #новости@firstmedtv;Здоровье;
Ожирение затрагивает более 1 миллиарда человек по всему миру. В нашей стране избыточную массу тела имеют до 50% населения, а ожирение — до 25%. Агонисты ГПП-1 (глутиды) начинают применять все активнее в этой группе пациентов, но какой доказательной базой подкреплено это использование? В передаче цикла «Мир больших людей» член-корреспондент РАН, д.м.н., профессор Валентин Викторович Фадеев и к.м.н., доцент кафедры эндокринологии Олеся Юрьевна Гурова обсудят новый консенсус по применению агонистов ГПП-1 у пациентов с ожирением: основные положения и нововведения,;Здоровье;
Ежегодно в России регистрируют более 20 тысяч новых случаев злокачественных опухолей головы и шеи.  По статистике, в 60% случаев этот вид рака выявляется на поздней стадии заболевания, 60% пациентов умирают в течение пяти лет. И 80% пациентов, у которых диагноз установлен на ранней стадии, выздоравливают. Программа круглого стола будет посвящена современным подходам в лечении рецидивирующего/метастатического плоскоклеточного рака головы и шеи (Р/М ПРГШ). В рамках мероприятия участники: узнают о роли таргетной терапии, разберут реальные клинические кейсы, обсудят нестандартные методы комбинированной иммуно-таргетной терапии.  Завершит программу сессия вопросов и ответов. Трансляция начнется 26 июня в 12:00 Нажмите кнопку «Напомнить», чтобы получить уведомление о начале. #онкология@firstmedtv;Здоровье;
Минздрав значительно изменил свой законопроект о системе обязательного возмещения затрат государства на обучение студентов медвузов.  Ранее ведомство хотело, чтобы выпускники вузов и колледжей минимум три года работали в государственных медучреждениях, а в случае отказа возмещали бюджету затраты на образование в двукратном размере.  Теперь Минздрав решил не штрафовать «отказчиков», а сделать невозможной их работу по специальности. Ведомство намерено сделать обязательную трехлетнюю отработку одним из условий допуска к периодической аккредитации, без которой медработники и фармацевты не имеют права работать, сообщает «Коммерсантъ». #новости@firstmedtv;Здоровье;
Первые 90 дней после инсульта – решающие для дальнейшей жизни пациента.  Какой должна быть нутритивная поддержка в этот период, объясняет д.м.н. Сергей Владимирович Морозов.;Здоровье;
Неврологические расстройства – одни из наиболее распространенных и инвалидизирующих заболеваний, затрагивающие более 3 миллиардов людей по всему миру.  Зачастую они проявляются схожими симптомами, такими как хроническая боль, когнитивные нарушения или эмоциональные расстройства, которые требуют универсальных подходов к фармакотерапии, выходящих за рамки конкретного диагноза. В рамках цикла «Авторская программа профессора А.И. Федина «Неврология плюс...» д.м.н., профессор, заслуженный врач РФ, руководитель университетской клиники неврологии и научный руководитель «Первой клиники реабилитации в Хамовниках» Анатолий Иванович Федин расскажет о принципах и возможностях такой терапии: ключевые принципы наднозологического подхода.;Здоровье;
Распространенность дисфункции тазового дна составляет, по разным оценкам, до 25–45% женщин в общей популяции и достигает более 50% среди женщин старше 60 лет. Это состояние существенно сказывается на качестве жизни и может быть значительно облегчено с использованием современных методов. В первом эфире авторского проекта «ПРОКТО-ФОКУС» его куратор, к.м.н., хирург-колопроктолог, главный врач и руководитель клиники лазерной хирургии Михаил Юрьевич Черепенин и врач-уролог, урогинеколог, нейроуролог Анна Александровна Бердичевская разберут: диагностику и оценку степени дисфункции тазового дна.;Здоровье;
Сахарный диабет первого типа составляет около 5–10% всех случаев диабета и может быть диагностирован в любом возрасте. Частота встречаемости заболевания в популяции растет. Первыми с дебютом заболевания и его осложнениями нередко сталкиваются терапевты и врачи общей практики. В рамках цикла «Ближе к телу» врач-эндокринолог, главный врач Клиники Фомина в Санкт-Петербурге, руководитель магистратуры Public Health Sciences Университета ИТМО Евгения Михайловна Соколова и врач-онколог, маммолог Lahta Clinic Анна Андреевна Архицкая обсудят: особенности диагностики сахарного диабета первого типа на амбулаторном этапе.;Здоровье;
Деменция с тельцами Леви – вторая по распространенности нейродегенеративная деменция после болезни Альцгеймера. Она составляет, по разным оценкам, от 10% до 30% всех случаев деменции.  Сложность ее диагностики и многообразие проявлений, в том числе когнитивные флуктуации, галлюцинации и паркинсонизм, часто требуют работы нескольких специалистов. В эфире к.м.н., врач-психиатр, ведущий научный сотрудник гериатрической психиатрии НМИЦ психиатрии и неврологии им. В.М. Бехтерева Наталья Михайловна Залуцкая и к.м.н., врач-невролог, зав. отделением неврологии и руководитель научно-клинического центра нейродегенеративных заболеваний Института мозга человека Ирина Валентиновна Милюхина разберут: диагностические критерии и дифдиагностику.;Здоровье;
Ожирение затрагивает более 1 миллиарда человек, и число случаев продолжает расти. Что важно знать об ожирении, чтобы не давать бесполезных рекомендаций и не тратить на приеме время впустую? Эфир на эту тему пройдет в рамках цикла «Дневник эндокринолога профессора В. В. Фадеева». Член-корреспондент РАН, д.м.н., профессор, директор клиники эндокринологии, заведующий кафедрой эндокринологии Валентин Викторович Фадеев раскроет: ключевые аспекты патогенеза ожирения.;Здоровье;
Острые кишечные инфекции (ОКИ) остаются одной из ведущих причин заболеваемости и смертности у детей.  По данным ВОЗ, ежегодно регистрируется около 1,7 млрд случаев диареи у детей младшего возраста, что может приводить к долгосрочным последствиям для здоровья, включая недоедание и нарушения развития. В трансляции из цикла «Инфекционная среда» академик РАН, д.м.н., профессор, заместитель директора по научной работе Центрального научно-исследовательского института Эпидемиологии Роспотребнадзора Александр Васильевич Горелов разъяснит: факторы, определяющие тяжесть и неблагоприятные исходы ОКИ.;Здоровье;
Высокая частота сердечных сокращений (ЧСС) считается независимым фактором риска развития сердечно-сосудистых осложнений и ухудшения прогноза у пациентов с ишемической болезнью сердца, хронической сердечной недостаточностью и артериальной гипертензией. Когда нужно, а когда не нужно урежать пульс? В телесеминаре «Дискуссии о пульсурежающей терапии: расставим приоритеты» член-корреспондент РАН, профессор, заведующий кафедрой кардиологии, сердечно-сосудистой и торакальной хирургии Юрий Михайлович Лопатин разберет: показания и противопоказания к назначению пульсурежающей терапии.;Здоровье;
Порядка 20% взрослых старше 60 лет испытывают легкие когнитивные нарушения, а критериям деменции соответствуют до 10% пациентов и более. В то же время частота обнаружения этих состояний увеличивается при наличии сопутствующей патологии. В эфире встретятся Владимир Владимирович Захаров, д.м.н., профессор кафедры нервных болезней и нейрохирургии Института клинической медицины им. Н.В. Склифосовского, и спикер Анна Николаевна Боголепова, д.м.н., профессор кафедры неврологии, нейрохирургии и медицинской генетики РНИМУ им. Н.И. Пирогова и руководитель отдела когнитивных нарушений Федерального центра мозга и нейротехнологий ФМБА России. Эксперты разберут: клинический спектр когнитивных нарушений.;Здоровье;
По данным исследований, до 70% медицинских работников сталкиваются с симптомами эмоционального выгорания. При этом доля тяжелой формы выгорания достигает 32%. В телесеминаре «Профессия без права на слабость. Выгорание, долг и границы: как сохранить себя в медицине» врач-ревматолог, м.н.с. лаборатории остеоартрита НИИ ревматологии Дарья Александровна Кусевич и к.п.н., клинический и семейный психолог, нейропсихолог Татьяна Владимировна Львова проанализируют: симптомы и стадии профессионального выгорания у врачей.;Здоровье;
Некариозные поражения твердых тканей зуба охватывают до 76% взрослого населения. Такие пациенты чаще сталкиваются с чувствительностью зубов после отбеливания, которую отмечают до 47% пациентов. В телесеминаре «Отбеливание зубов с абфракционными и клиновидными дефектами» к.м.н., доцент кафедры терапевтической стоматологии Наталья Николаевна Власова разберет: особенности диагностики и клинической картины.;Здоровье;
Когнитивные нарушения развиваются у 30–70% пациентов, перенесших инсульт. Одним из ключевых факторов риска развития и прогрессирования когнитивных нарушений выступает фибрилляция предсердий (ФП). В эфире круглого стола «Когнитивные нарушения у пациента с ФП: тактика ведения после перенесенного инсульта» пройдет обсуждение с участием экспертов: ?? д.м.н., профессор, зав. кафедрой нервных болезней и нейрореабилитации Евгения Викторовна Екушева расскажет о проблеме постинсультных когнитивных нарушений, ?? к.м.н., зав. отделением для больных с ОНМК Надежда Харисовна Горст проведет клинический разбор, ?? к.м.н., доцент кафедры факультетской терапии Антон Владимирович Родионов представит рекомендации кардиолога по вторичной профилактике инсульта у пациента с ФП и когнитивными нарушениями. ?? Трансляция начнется 17 июня в 14:00 Нажмите кнопку «Напомнить», чтобы получить уведомление о начале. #неврология@firstmedtv #кардиология@firstmedtv;Здоровье;
По данным исследований, более 20% детей сталкиваются с кожными проблемами. Как правильно интерпретировать кожные изменения, учитывая возрастные особенности, и когда требуется углубленная диагностика? В передаче «Дети – не маленькие взрослые! Семиотика поражений кожи у детей: от элемента сыпи до диагноза» в рамках цикла «Дети – не маленькие взрослые!» педиатр Анастасия Витальевна Пакина и дерматолог, трихолог Нина Александровна Сергеева обсудят: ?? ключевые особенности кожных поражений у детей.;Здоровье;
;;
;;
;;
;;
;;
;;
;;
;;
;;
;;
;;
;;
;;
;;
;;
;;
;;
;;
;;
;;
;;
;;
;;
;;
;;Здоровье
