"Измерение скорости света: исторический и современный подходы ?? Скорость света измеряется различными способами, и один из первых ""современных"" методов был предложен Оле Рёмером в 1676 году. Рёмер наблюдал за затмениями луны Ио Юпитера и заметил, что время их наступления изменяется в зависимости от расстояния между Землей и Юпитером. Он предположил, что когда расстояние больше, свету требуется больше времени, чтобы добраться до нас. Это приводит к небольшому, но измеримому смещению во времени затмений. Рёмер не был первым, кто исследовал эту идею, но он первым систематически проводил измерения на протяжении нескольких лет. ?? Он установил, что действительно существует заметная задержка, когда затмения Ио происходят, когда Юпитер и Земля находятся по противоположные стороны от Солнца. На основе данных Рёмерa Христiaan Гюйгенс затем оценил фактическую скорость света в 212,000 км/с. Это значение, конечно, примерно на 30% меньше современного, но все же удивительно хорошее результат для времени, когда это было сделано. ?? Современные измерения скорости света также проводятся в рамках навигации космических аппаратов. Эта навигация использует время прохождения радиосигналов, которые движутся со скоростью света в вакууме. Особенно точная навигация дальних космических аппаратов, таких как аппараты, путешествующие к внешним планетам, зависит от очень точных измерений скорости света. ?? Существуют и другие методы измерения, включая простые лабораторные установки с использованием современной электроники, которые способны измерять короткие временные интервалы, соответствующие прохождению световых сигналов на расстоянии всего нескольких сантиметров или меньше.";Наука и образование
Галактика Альционеус: крупнейшая галактика во Вселенной. Астрономы обнаружили крупнейшую галактику из когда-либо найденных - галактику Альционеус. Ее диаметр составляет 16,3 миллиона световых лет, что в 160 раз шире Млечного Пути и в четыре раза больше предыдущего рекордсмена, галактики IC 1101, которая простирается на 3,9 миллиона световых лет. Альционеус находится примерно в 3 миллиардах световых лет от Земли. ?? Эта галактика является особенно крупным примером радиогалактики, то есть галактики с сверхмассивной черной дырой в центре, которая поглощает огромное количество материи и выбрасывает ее в виде двух массивных струй плазмы, движущихся со скоростью, близкой к скорости света. Струи плазмы замедляются после путешествия на миллионы световых лет, распространяясь в облака, которые излучают свет в виде радиоволн. Лобовые части Альционеуса являются самыми большими из когда-либо обнаруженных. ?? Хотя галактики с массивными радиолобами не являются редкостью (у Млечного Пути есть два небольших облака), ученые озадачены тем, как Альционеус, относительно обычная галактика в своем ядре, смогла вырасти до таких монструозных размеров. Кроме своих огромных облаков, Альционеус является типичной эллиптической галактикой с общей массой примерно 240 миллиардов солнечных масс (половина массы Млечного Пути) и центральной сверхмассивной черной дырой массой 400 миллионов солнечных масс (в 100 раз менее массивной, чем самая большая черная дыра). На самом деле, центр Альционеуса небольшой по сравнению с центрами большинства радиогалактик.;Наука и образование
Как учёные определяют состав звёзд? Астрономы используют метод спектроскопии для анализа света (электромагнитного излучения), получаемого от звёзд, чтобы определить их химический состав. Разные материалы (элементы) по-разному взаимодействуют со светом, что означает, что узор поглощения и излучения света отличается.  ?? Анализируя свет, полученный от звёзд, через спектроскопию и определяя, какие цвета излучаются или поглощаются, а также относительные количества каждой длины волны, астрономы могут идентифицировать химический состав звезды.М;Наука и образование
Гидроцефалия: рождение без мозга ?? Гидроцефалия - это состояние, при котором младенец может родиться без мозговой ткани. В таких случаях череп младенца может быть прозрачным для света, что позволяет увидеть темное пространство внутри черепа. ? Это состояние встречается примерно в 1 случае из 5000 беременностей и обычно приводит к смерти ребенка в течение нескольких минут после рождения. Мозг управляет всеми функциями организма, и его отсутствие приводит к серьезным нарушениям. ?? Вместо мозга пространство заполняется спинномозговой жидкостью. Это состояние считается непоправимым и неприемлемым для жизни.;Наука и образование
Самый загадочный объект в нашей галактике ?? Одним из самых загадочных объектов в нашей галактике является PSRJ1719–1438 b — планета-пульсар, находящаяся на орбите нейтронной звезды. Она расположена на расстоянии 4 тысяч световых лет от Земли и вращается вокруг миллисекундного пульсара, который вращается с невероятной скоростью — 172 оборота в секунду. Нейтронные звезды представляют собой очень плотные остатки звезд, с гравитацией, способной разрушать атомы. Радиус этой звезды составляет всего 12 миль, но ее масса в 1.4 раза превышает массу Солнца. ?? PSRJ1719–1438 b обращается вокруг своего пульсара на очень близком расстоянии  ее орбита помещается внутри Солнца. Эта планета, по-видимому, состоит в основном из углерода — невероятно плотного углерода, который мы на Земле называем алмазом. Одна из наиболее распространенных теорий гласит, что PSRJ1719–1438 b когда-то была углеродной звездой-сопровождающей, которую нейтронная звезда обобрала от водорода и гелия, оставив позади более тяжелый углерод. Это полу-съеденная звезда, которая выглядит и ведет себя как планета из алмазов, в невозможном объятии гравитационного ужаса. ?? Несмотря на то, что планеты-пульсары не так уж многочисленны, астрономам относительно легко их обнаружить. Пульсары тикуют или мигают с крайне точными интервалами, сопоставимыми с атомными часами. Любые нарушения в этом ритме, вызванные планетами-пульсарами или даже более мелкими телами, легко поддаются обнаружению.;Наука и образование
Путешествие в галактику Андромеды: мечты и реальность ?? Для путешествия в галактику Андромеды потребуется большой космический корабль, множество людей, еды и развлечений. Это связано с тем, что путь будет долгим. Галактика Андромеда находится на расстоянии примерно 2.537 миллиона световых лет от Земли. Это очень большое расстояние. ? Если мы будем путешествовать со скоростью самого быстрого созданного человеком объекта - космического аппарата Voyager 2, которая составляет около 54,000 км/ч, то нам потребуется около 50.7 миллиардов лет, чтобы добраться до Андромеды. Это означает, что нам придется пережить примерно 1.69 миллиарда поколений, если каждое поколение составляет около 30 лет. ?? Таким образом, для такого долгого путешествия стоит подготовить много игрушек, чтобы дети на борту не плакали все время.;Наука и образование
Путешествие к ближайшим галактикам: невозможность с текущими возможностями ? Строительство космического корабля для путешествия к ближайшим галактикам считается не просто крайне сложной задачей, а совершенно невозможной с нашими текущими возможностями. ?? Основная причина заключается в том, что скорость ухода из нашей галактики составляет около 550 км/с. Самый быстрый созданный человеком объект, Паркеровский солнечный зонд, достиг скорости 170 км/с. Эта скорость слишком мала для покидания галактики. ?? Кроме того, он достиг такой скорости только благодаря падению к Солнцу и не смог бы покинуть его орбиту даже для попытки выйти за пределы галактики. ?? Самые быстрые объекты, которые мы когда-либо направляли за пределы нашей солнечной системы, это зонды Вояджер. Они достигли скорости около 17 км/с. Эта скорость также недостаточна для покидания галактики. ?? Таким образом, наши текущие возможности даже близко не подходят для того, чтобы перемещать что-либо с достаточной скоростью для покидания галактики. А это необходимо сделать в первую очередь для попытки достичь другой галактики.;Наука и образование
Катастрофические последствия: нейтронная звезда в нашей солнечной системе ?? Да, катастрофические последствия будут неизбежны. Астрофизики пришли к выводу, что нейтронные звезды могут существовать только при массе от 1.0 до 2.0 солнечных масс. Если бы нейтронная звезда вошла в нашу солнечную систему, гравитационно у нас было бы два массивных центра, конкурирующих за планеты, вместо одного стабильного. ?? Приближаясь к нашему Солнцу, нейтронная звезда нарушила бы орбиты планет, выбрасывая некоторые из них в холодные и темные области за Плутоном, а возможно, даже заставляя одну из планет быть поглощенной Солнцем или нейтронной звездой. Когда она покинет нашу систему, она унесет с собой некоторые планеты, облучая их жестким радиационным светом, но не предоставляя полезного света для жизни. ?? Если бы нейтронная звезда никогда не приближалась ближе к Солнцу, чем Юпитер, возможно, Земля осталась бы на своей орбите вокруг Солнца. Однако орбита стала бы более эллиптической, что привело бы к изменению климата и более экстремальным сезонам. ?? Существуют приложения для мобильных телефонов, в которых можно смоделировать взаимодействие Солнца, нейтронной звезды и Земли, и увидеть различные результаты в зависимости от начальных условий и скоростей. Все они будут представлять собой «гиперболические траектории», один проход, без «орбит».;Наука и образование
Уникальные планеты солнечной системы ?? В солнечной системе есть множество интересных небесных тел. Меркурий, находящийся на расстоянии 31,583 миллиона миль от Солнца, испытывает экстремальные колебания температуры, которые варьируются от 800°F до -290°F. На Меркурии существует лед, который находится в кратерах, затененных от солнечного света. ?? Венера считается одним из самых горячих мест в солнечной системе. Ее температура может достигать 870°F, что достаточно для плавления свинца и цинка. Это связано с тем, что атмосфера Венеры состоит в основном из парниковых газов, таких как углекислый газ. ?? Сатурн известен своими ветрами, которые могут превышать 1,100 MPH, что на 400 MPH быстрее скорости звука. Нептун также имеет суперзвуковые ветры, которые могут достигать 1,200 MPH. Кроме того, на Нептуне происходит дождь из алмазов, когда углерод попадает в атмосферу и кристаллизуется в алмазы. ? Эти факты подчеркивают уникальность и разнообразие планет нашей солнечной системы.;Наука и образование
Минимальная скорость работы процессора без ошибок ?? Процессор RCA 1802, выпущенный в 1976 году, имел статическую архитектуру CMOS и не имел минимальной частоты тактового сигнала. Это позволяло ему работать на очень низких скоростях и при низком потреблении энергии, включая возможность остановки тактового сигнала без ущерба для работы микропроцессора. Например, он мог работать при частоте 1 Гц. Поскольку большинство инструкций выполнялись за 16 тактов, выполнение одной инструкции занимало бы 16 секунд. Однако процессор мог работать и на еще более низких частотах, например, 0.1 Гц или 0.01 Гц. ?? Версия 1802, защищенная от радиации, использовалась во многих космических аппаратах, таких как Галилео, Хаббл и Магеллан. Более современные процессоры со статической архитектурой, способные полностью останавливать тактовый сигнал или работать на минимальных скоростях, включают Intel 80386EX (1994), предназначенный для встроенных систем, и W65C816S, статическую версию процессора 65C816, использовавшуюся в компьютере Apple IIgs.;Наука и образование
Может ли Марс иметь постоянную атмосферу? ?? Ранее у него была плотная атмосфера, возможно, даже толще, чем у Земли. Она существовала несколько миллиардов лет и поддерживала океаны. Однако Марс потерял свое магнитное поле из-за отсутствия крупного спутника, который мог бы влиять на его ядро с помощью приливных сил. Магнитное поле защищает атмосферу от солнечного ветра. ?? Когда магнитное поле исчезло, солнечные ветры постепенно сносили атмосферу на протяжении десятков миллионов лет. Марс остыл, и вся вода замерзла. Существует несколько способов, которыми планета может потерять атмосферу. Один из них, связанный с размером, называется потерей Жана. Это простой кинетический процесс, при котором кинетическая энергия некоторых молекул в верхней атмосфере превышает скорость убегания планеты. ?? Важно отметить, что скорость этих молекул зависит от температуры и молекулярной массы: меньшая масса равна большей скорости и, следовательно, большей вероятности убежать. График показывает взаимосвязь. Обратите внимание, что Марс находится в той же полосе, что и Земля. Это говорит о том, что из-за более низкой температуры верхней атмосферы он так же способен удерживать атмосферу, как и Земля, и когда-то удерживал. ?? Ему просто нужно магнитное поле, чтобы не терять атмосферу из-за солнечных ветров.;Наука и образование
Есть ли у Августа Цезаря живые потомки? ?? Да, у Августа Цезаря есть живые потомки. Несмотря на распространенное мнение, что прямая линия Августа прервалась во времена Нерона из-за его приказа убить всех родственников, это не так. Старшая правнучка Августа, Эмилия Лепида, вышла замуж при его жизни, и он стал прапрадедом еще до своей смерти. ?? Большинство детей Эмилии Лепиды были убиты, но одна праправнучка Августа, Юния Лепида, дожила до того, что у нее появились собственные дети. Одной из ее внучек была Домиция Лонгина, жена императора Домициана. Таким образом, она является прямой наследницей Августа. ?? Нерон действительно убил многих своих родственников, но ему не удалось добраться до всех. Если проследить родословную Юнии Лепиды, можно обнаружить множество потомков среди известных людей Рима: сенаторов, консулов и даже императоров. Известная родословная Августа Цезаря просуществовала еще как минимум 200 лет после его смерти. ?? Мы можем с уверенностью сказать, что у Августа есть живые потомки. Хотя мы никогда не узнаем, кто они и где находятся, возможно, его род продолжается. Это произошло не потому, что Нерон не пытался уничтожить всех потомков первого императора, а потому что ему это не удалось.;Наука и образование
"Холоднейшее место в Галактике Млечный Путь ?? Холоднейшим естественным местом в нашей галактике является Туманность Бумеранг, расположенная в созвездии Центавра на расстоянии 5000 световых лет от Земли. Её температура составляет -272 градуса Цельсия, что всего на один градус выше абсолютного нуля (0 K). Насколько нам известно, это также самое холодное место во Вселенной. ?? Причина такой низкой температуры в том, что умирающая звезда в центре туманности выбрасывает газ во всех направлениях. Из-за этого окружающая область - туманность - становится холоднее с каждой секундой. ?? Однако самый низкий температурный показатель в Млечном Пути и во всей Вселенной был достигнут искусственным путем здесь, на Земле, в 2015 году. Ученые из MIT смогли охладить молекулы натрия и калия до температуры всего 500 нанокельвинов. Это -273.1499995 градуса Цельсия, что в миллион раз холоднее межзвёздного пространства. На атомном уровне ученые полагают, что эти молекулы выглядели следующим образом: При такой температуре атомы прекращают движение и вместо этого слипаются вместе, пока не начинают вести себя как один ""суператом"".";Наука и образование
Почему старые игры программировались на ассемблере, когда существовали языки более высокого уровня? ?? Старые игры, такие как Elite, были разработаны с использованием ассемблера из-за ограниченных ресурсов компьютеров того времени. Elite был первой игрой с трехмерной графикой в реальном времени, созданной для BBC Microcomputer, который имел 8-битный процессор с тактовой частотой 2 МГц и 32 кБ памяти. Из них 10 кБ использовалось для изображения на экране, оставляя 22 кБ для кода и данных игры. Программисты стремились максимально эффективно использовать вычислительные мощности машины и минимизировать размер кода. С интерпретатором BASIC в ROM, программисты могли использовать его. Однако интерпретируемый BASIC значительно медленнее ассемблера, говорится в тексте. Но благодаря компактному токенизированному представлению, код BASIC занимал меньше места, чем машинный код. Поэтому BASIC использовался для менее критичных по скорости задач, таких как торговля на космических станциях, в то время как все остальное выполнялось на машинном коде. ?? Для BBC Micro было доступно несколько компиляторов, включая компилятор для BASIC и Pascal. Однако они генерировали код, который был гораздо больше и медленнее, чем тот, который можно было получить из ручного написания машинного кода. BBC BASIC имел встроенный ассемблер, что позволяло писать код в символьном ассемблере и компилировать его в бинарный машинный код. Распространенной стратегией было написание кода в символьном ассемблере, его компиляция, удаление программы BASIC из памяти и затем выполнение машинного кода. В качестве альтернативы можно было сохранить машинный код на ленте или диске и затем загрузить несколько частей машинного кода перед его выполнением, чтобы создать программы машинного кода большего размера, чем можно было бы сгенерировать из одной программы BASIC. ?? Важным аспектом разработки игр было также использование различных режимов экрана. Например, в Elite верхняя часть экрана была в черно-белом режиме шириной 320 пикселей, а нижняя часть использовала четырехцветный режим шириной 160 пикселей. Программа настраивала таймер для изменения режима экрана во время обновления экрана, чтобы сэкономить память. Старые игры использовали машинный код, потому что это был единственный способ добиться приемлемой скорости игр при ограниченной памяти машин того времени.;Наука и образование
"Жир бедных грешников: необычные медицинские практики XVI века ????? В XVI веке в Европе существовала удивительная практика использования человеческого жира в медицине. Люди, страдающие от различных заболеваний, таких как артрит или зубная боль, могли обратиться в аптеку за Axungia hominis - человеческим жиром, известным как ""жиром грешников"". Этот жир обычно получали из тел казнённых преступников. ?? Для палачей это было выгодным бизнесом. Они собирали жир с тел казнённых и продавали его врачам. В Германии до середины XVIII века палачи даже готовили собственные смеси из человеческого жира. ?? Однако жир добывали не только из тел казнённых. Его также собирали с тел павших солдат. Например, после осады Остенде в 1601 году голландские хирурги собирали жир с поля боя для лечения раненых солдат. ?? Человеческий жир использовался для лечения различных заболеваний, обычно в виде мази. Считалось, что он особенно эффективен для уменьшения рубцов и заживления ран. Вера в целебные свойства человеческого жира не была полностью безосновательной. Теперь известно, что жировая ткань может способствовать росту новых кровеносных сосудов. ?? Однако с течением времени запасы человеческого жира для медицинских нужд сократились, как и желание использовать жир из мёртвых тел. В наши дни мы предпочитаем накапливать жир в других местах нашего тела.";Наука и образование
Путешествие Вояджеров: через миллионы лет ?? В космосе продолжают свое путешествие два космических аппарата - Вояджер 1 и Вояджер 2, движущиеся в разных направлениях. Вояджер 1 направляется в сторону созвездия Малой Медведицы, а Вояджер 2 - к созвездию Андромеды. За 50 лет они преодолели расстояние чуть менее одного светового дня. Если extrapolировать это на миллион лет, то Вояджер 1 может достичь расстояния около 52 световых лет, а Вояджер 2 - около 43 световых лет. К сожалению, хотя мы можем экстраполировать курс, мы не можем знать, столкнутся ли они в будущем с каким-либо объектом или изменят ли их курс мелкие частицы. ?? Текущие скорости Вояджеров составляют 16999 метров в секунду для Вояджера 1 и 15374 метра в секунду для Вояджера 2. При умножении этих значений на миллион лет получается около 55 световых лет для Вояджера 1. Однако, несмотря на возможность экстраполяции курса, неизвестно, столкнутся ли они с каким-либо объектом или изменят ли их курс мелкие частицы. ?? Можно предположить, что Вояджеры продолжат свое движение в сторону незначительных звезд в созвездиях Малой Медведицы и Андромеды.;Наука и образование
"Нептун: самая страшная планета в нашей солнечной системе ?? Нептун, ледяной гигант, часто воспринимается как спокойная планета из-за своего красивого синего цвета, но не дайте его атмосферному цвету обмануть вас. На самом деле, Нептун - это бурный и динамичный мир с экстремальными условиями. Он находится на самом дальнем расстоянии от Солнца - 30 астрономических единиц от Земли - и испытывает невероятно холодные температуры и мощные ветры, которые могут достигать сверхзвуковых скоростей. ?? Атмосфера Нептуна известна своими мощными штормами и быстро меняющимися особенностями. Уникальность атмосферы Нептуна заключается в ""алмазном дожде"" и потенциальных колоссальных землетрясениях и цунами. ";Наука и образование
Эволюция расположения мозга в голове человека ?? Мозг человека расположен в голове по нескольким причинам, связанным с эволюцией и функциональностью. Во-первых, глаза являются частью мозга и должны быстро двигаться для восприятия окружающего мира. Близкое расположение глаз к мозгу минимизирует задержку сигнала между ними и анализирующими сигналами частями мозга. ?? Также важно минимизировать затраты на создание и поддержание связи между мозгом и глазами. Другие органы чувств, такие как обоняние и слух, также тесно связаны с мозгом и находятся в его непосредственной близости. ?? С эволюционной точки зрения зрение является одним из древнейших органов чувств. Оно развивалось вместе с мозгом как центром управления и анализа сигналов. У всех живых существ наблюдается наличие головы с мозгом и органами чувств на одном конце пищеварительной трубки. ?? Плоский червь, похожий на нашего предка, жившего 750 миллионов лет назад, стал основой для эволюции как людей, так и осьминогов.;Наука и образование
Возможность сохранения человеческого мозга вне тела ?? Сохранение человеческого мозга вне тела представляет собой сложную задачу. Мозг не является отдельной частью тела, а интегрированной частью нервной системы. Для его отделения необходимо перерезать ствол головного мозга, который регулирует жизненно важные функции, такие как сердечный ритм и дыхание. Это делает процесс отделения мозга крайне сложным и рискованным. Вы не сможете снова подключить мозг к нервной системе. ?? Тем не менее, существует возможность сохранить мозг живым при условии хорошего кровоснабжения и поступления ликвора. Однако неясно, будет ли мозг находиться в сознании или испытывать боль. Если отделить ствол головного мозга от самого мозга, то он, скорее всего, потеряет сознание, так как ствол головного мозга также регулирует уровень сознания. ?? Таким образом, хотя теоретически возможно сохранить мозг живым вне тела на некоторое время, практическое осуществление этого процесса сопряжено с огромными трудностями и рисками.;Наука и образование
"Как Voyager 2 достиг межзвёздного пространства? ?? Убеждение в том, что для выхода из солнечной системы необходимо преодолеть единую скорость убегания, является ошибочным. Эта скорость зависит от расстояния до барицентра солнечной системы, который находится близко к Солнцу. Скорость убегания от Солнца составляет 42.1 км/с, но максимальная зафиксированная скорость Voyager 2 составляет 16 км/с. ?? Однако Voyager 2 не нуждался в достижении этой скорости для выхода в межзвёздное пространство. Он лишь должен был достичь Юпитера. Затем он получил гравитационный ассист от Юпитера, который увеличил его скорость выше скорости убегания от Солнца на расстоянии Юпитера. Обратите внимание, как скорость Voyager, оранжевая линия, подскакивает выше (быстро падающей) линии скорости убегания во время встречи с Юпитером. ?? С этого момента он уже не возвращался. Но по мере посещения других планет, чтобы добраться до следующей быстрее, он также получал гравитационные ассисты от них, что обычно делало его ещё быстрее. Кинетическая энергия, которую он имел после Юпитера, была больше энергии, необходимой для того, чтобы переместить что-то массой Voyager от той точки до (условной) точки, где гравитация Солнца больше не оказывала бы никакого влияния. Та ""дополнительная"" энергия всегда будет проявляться как скорость вдали от Солнца.";Наука и образование
Почему звезды и планеты кажутся нам неподвижными, несмотря на вращение Земли? ?? Земля вращается с большой скоростью, но мы видим звезды и планеты так, как будто наблюдаем за ними с неподвижного объекта. Если понаблюдать за звездами в течение часа, становится очевидно, что что-то не стоит на месте. Например, если встать на расстоянии 6 футов от шоссе и смотреть, как мимо проезжают машины со скоростью 60 миль в час, а затем поднять взгляд на самолет на высоте 33000 футов, который проходит мимо со скоростью 550 миль в час, можно заметить интересный эффект. ?? Почему самолет кажется движущимся медленнее, чем машины? Ответ заключается в том, что чем дальше находится объект, тем больше ему нужно пройти, чтобы покрыть тот же угол вашего зрения. Объект будет казаться движущимся медленнее, если его видимая угловая скорость меньше - независимо от истинной скорости. У человеческого глаза угол обзора составляет около 160 градусов. Машины на шоссе могут пересечь этот угол за секунду или две. Самолету потребуется несколько минут. ? Время, необходимое для наблюдения за звездами, зависит от скорости вращения Земли. 360 градусов за 24 часа говорит нам о том, что звездам потребуется более 10 часов, чтобы пересечь эти 160 градусов. Если вы нетерпеливы, это может привести к мысли, что звезды неподвижны.;Наука и образование
Путешествие через червоточины: возможно ли достичь недоступных участков Вселенной? ?? Теоретически возможно ли путешествовать через червоточины к частям Вселенной, где свет от Земли еще не достиг? Ответ на этот вопрос связан с концепцией черных дыр и червоточин, предложенной Эйнштейном и Розеном. Если такие структуры действительно существуют, то они могут служить кратчайшим путем через пространство, обходя законы относительности. Вы не путешествуете через пространство, вы путешествуете через укороченный путь, который соединяет одну часть пространства с очень удаленной частью пространства. ?? Однако, если мы говорим о возможности пересечения мультивселенных через червоточины, то это остается предметом дебатов. Многие физики и космологи высказывали предположения о том, что проходимая червоточина может даже позволить это, если существует мультивселенная или хотя бы две другие теневые вселенные. Расстояние в наблюдаемой вселенной до расстояния, которое свет мог бы пройти за прошедшее время с момента большого взрыва, было бы совершенно несущественным.;Наука и образование
Планета, на которую никогда не высаживались ?? Планета, на которую никогда не осуществлялась высадка, - это Нептун. Все другие планеты Солнечной системы либо имели успешные высадки, либо были исследованы с помощью зондов. Меркурий был исследован зондом MESSENGER, который намеренно врезался в его поверхность, но это не считается высадкой. Венера имела несколько успешных высадок, проведенных Советским Союзом, а также четыре зонда от США, которые вошли в атмосферу, но также были ударными зондами. ?? Марс является основной целью для высадок и орбитальных миссий, так как это единственная другая планета, достаточно гостеприимная для создания колонии. Юпитер имел атмосферный зонд, который прошел через его атмосферу, но не было возможности обнаружить твердую поверхность. Сатурн имел зонд Cassini на орбите в течение многих лет, прежде чем был отправлен в атмосферу Сатурна, где сгорел. ?? Уран и Нептун имели только один пролет, осуществленный зондом Voyager 2. Плутон был исследован в ходе миссии New Horizons, которая выполнила пролет.  на момент запуска New Horizons Плутон еще считался планетой, но к моменту прибытия он был переведен в статус карликовой планеты.;Наука и образование
"Возможность увидеть радиацию Большого взрыва ?? Да, это возможно. Для этого вам понадобится старый телевизор с электронно-лучевой трубкой (CRT). Не подключайте антенну, просто включите его и настройте на неактивный канал в вашем районе. В результате вы увидите помехи, которые являются результатом воздействия случайных радиоволн. Около одной трети этого ""статического"" изображения составляет космическое микроволновое излучение от ""Большого взрыва"". Остальная часть - это случайные радиопередачи от ближайших звезд, таких как солнце, и наземные источники, такие как микроволновые связи между телевизионными студиями и их передающими антеннами. ?? Если вы хотите получить более профессиональный результат, вам понадобится специальная антенна. Например, микроволновая антенна Hormel, которую использовали Пензиас и Уилсон, работавшие в Bell. Они исследовали, почему микроволновые связи Bell имели так много помех. Их исследования показали, что источник помех находится ""везде одинаково в каждом направлении"". После некоторых расчетов они поняли, что наткнулись на остатки радиации от Большого взрыва. Они опубликовали свои результаты и выводы и получили Нобелевскую премию.";Наука и образование
Почему Юпитер не сталкивается с троянскими астероидами во время своего движения? ??  Юпитер, будучи крупнейшей планетой в солнечной системе, не разрушает все на своем пути благодаря особенностям гравитации. Гравитация - это сила, которая притягивает объекты друг к другу, но также поддерживает их в равновесии. Именно поэтому Земля не сталкивается с Солнцем, а Луна - с Землей. Все они вращаются вокруг общего центра масс, который немного смещен от Солнца. ?? Юпитер обладает большой массой и, следовательно, сильной гравитацией. Однако у него также много соседей: Солнце, Сатурн и тысячи астероидов. Некоторые из этих астероидов называются троянскими Юпитера, потому что они разделяют его орбиту вокруг Солнца. Они не просто случайные камни, плавающие в космосе.;Наука и образование
"Почему боги из древних мифов так похожи на инопланетян? Можно ли измерить веру как нейросигнал? И как культурные коды распространяются по обществу... почти как вирусы или сигналы в космосе? Всё это — не вопросы религии. Это вопросы науки о культуре. О том, как мыслит человек. Как рождаются символы. Как идеи захватывают умы и выживают в борьбе за внимание, словно меметические гены. Канал «Лаборатория Культур» исследует культурные коды, психологию мифов, поведение современных верований, и то, как всё это влияет на тебя прямо сейчас. Это не про ""культуру"" в академическом смысле. Это про культуру как нейросеть. Посты читаются за 2 минуты, но переворачивают мышление надолго. Если тебе нравится думать, как мыслит Вселенная — подпишись на Лабораторию Культур.";Наука и образование
Почему Земля не видна полностью с Луны? ?? Земля полностью видима с Луны. Если вы основываете свой вопрос на фотографиях, таких как эта, то причина, по которой Земля выглядит как полукруг, а не как полный круг, заключается в том, что фотография была сделана в дневное время на Луне. Солнце находится прямо над головой и освещает как Землю, так и Луну. Если бы фотография была сделана ночью на Луне, наблюдатель на Луне мог бы посмотреть вверх и увидеть полную Землю, так же как мы часто видим полную Луну. Для того чтобы Земля выглядела как полный круглый диск (как полная Луна), Луна должна находиться между Землей и Солнцем.;Наука и образование
"Элементы во Вселенной, которые не могут быть созданы звездами ?? Некоторые элементы во Вселенной не могут быть созданы звездами из-за ограничений в их ядерных процессах. Радиоактивные элементы имеют последовательность распада, например, каждый атом аргона в моем цилиндре для сварки нержавеющей стали был конечным продуктом атома калия-40, который распался. Существует также ""последовательность слияния"" - звезды являются единственными известными объектами с достаточной энергией для выполнения этого в больших количествах. Они сливают водород в гелий (наш солнце делает это в течение следующих 4 миллиардов лет), гелий в углерод, углерод в кремний, кремний в железо… в конечном итоге вы получаете большой кусок железа, потому что нет способа для звезды менее 100 солнечных масс сгенерировать достаточно энергии для слияния его в, скажем, теллурий. ?? Для звезд массой 100 солнечных масс и более это другая история. Когда они достигают конца своей жизни, они становятся сверхновыми и взрываются, сливая элементы до урана-238, потому что у них есть энергия для этого. Вся золото и платина на Земле были созданы в сверхновых. Правило среди сверхгигантских звезд, похоже, живи быстро, умри молодым - и имей зрелищные похороны.";Наука и образование
"Прогнозирование поведения Земли, Луны и Солнца в системе трех тел ?? Несмотря на то, что для трех тел невозможно найти закрытое решение, мы все же можем предсказать поведение Земли, Луны и Солнца относительно друг друга, но только в краткосрочной перспективе. В долгосрочной перспективе это невозможно из-за хаотической природы системы. Отсутствие закрытого решения означает, что мы можем использовать только численные методы. Однако численные методы в конечном итоге терпят неудачу для хаотической системы, включая систему Земля-Луна-Солнце. ? При достаточном количестве итераций даже малейшая неопределенность измерений накапливается до тех пор, пока не затмит фактическое значение. Например, через миллиард лет относительные позиции Земли, Луны и Солнца будут практически случайными. Возможно даже, что одно из каменистых тел будет выброшено полностью за пределы солнечной системы. ?? Тем не менее, мы все еще можем предсказать их положение на следующий месяц, год и столетие. Для коротких периодов мы можем приблизить систему как задачу двух тел, для которой существует закрытое решение, которое можно решить точно. И поскольку ""короткие периоды"" все еще означают ""дольше, чем люди ведут измерения"", они достаточно хороши для всех практических целей.";Наука и образование
Студенты Школы анализа данных Яндекса совместно с Yandex B2B Tech и ДВФУ создали нейросеть, которая помогает определить загрязненность мусором на побережьях водоемов Нейросеть анализирует снимки побережья, которые сделаны с помощью аэрофотоснимков и отмечает координаты расположения мусора С помощью решения можно рассчитать количество техники для уборки. На данный момент нейросеть уже была испробована в Южно-Камчатском федеральном заказнике. Благодаря ей организовать уборку удалось в 4 раза быстрее, что упростило задачу для волонтеров и улучшило ситуацию с загрязнением. Сейчас нейросеть уже помогла волонтерам убрать 5 тонн мусора. В дальнейшем технологию планируют использовать в других заповедниках Дальнего Востока и Арктики.;Наука и образование
"Запрет на использование эмблемы Красного Креста в Индии ?? В Индии использование знака плюс, который на самом деле является эмблемой Красного Креста, является незаконным для врачей, фармацевтов и скорой помощи. Эта эмблема защищена Женевской конвенцией 1949 года, подписанной Индией. Международный комитет Красного Креста (МККК) уже долгое время пытается остановить ""неправомерное"" использование своей зарегистрированной эмблемы медицинскими учреждениями и практикующими врачами. Эмблема Красного Креста на белом фоне была признана в 1864 году как отличительный знак для медицинских команд на поле боя.  Индийское общество Красного Креста отмечает, что использование эмблемы Красного Креста больницами, клиниками, банками крови и даже скорыми помощью считается злоупотреблением и наказывается штрафом в размере 500 рупий. ?? Для врачей в Индии существует другой символ, который хотя и популярен в США и Индии, но не является полностью корректным. Для скорых помощи правильным символом является Звезда жизни, а для фармацевтов - жезл Асклепия.";Наука и образование
Почему период геостационарных спутников не равен 24 часам? ?? Вы только что узнали о разнице между сидерическим и солнечным днем. Сидерический день - это время, за которое Земля вращается на 360 градусов относительно фиксированной точки, такой как далекие звезды. Земле требуется 23 часа, 56 минут и 4 секунды для полного вращения. Солнечный день - это время, за которое Земля вращается так, чтобы Солнце снова появилось в том же месте на небе. На это уходит 24 часа.  ?? Разница между этими двумя понятиями заключается в том, что Земля также вращается вокруг Солнца. Рисунок слева игнорирует это вращение и показывает только вращение Земли вокруг своей оси. После 23 часов, 56 минут и 4 секунд вращения стрелка снова будет указывать на Солнце. Это было бы нашим определением дня, если бы Земля не вращалась вокруг Солнца. ?? Однако рисунок справа показывает, что из-за этого вращения стрелка больше не указывает прямо на Солнце. Земля переместилась почти на градус вокруг Солнца, поэтому ей нужно вращаться еще на один градус. Если мы разделим количество минут в дне на 360, то увидим, что Земле нужно продолжать вращение еще 3 минуты и 56 секунд, чтобы стрелка выровнялась с радиальным вектором к Солнцу.  ?? Теперь перейдем к геостационарному спутнику. Этот спутник не заботится о видимом положении Солнца с поверхности Земли. Он ориентирован на фиксированную точку на Земле. Если Земле требуется 23 часа, 56 минут и 4 секунды для полного вращения, то геостационарная орбита также должна длиться 23 часа, 56 минут и 4 секунды, что составляет 1436 минут и 4 секунды.;Наука и образование
"Тайны черных дыр: мифы и реальность ?? Мистерия черных дыр во многом обусловлена нашим ограниченным знанием о них и восприятием времени, связанным с черными дырами. Большая часть загадок вокруг черных дыр возникает из популярных научных источников, которые, откровенно говоря, делают их более таинственными, чем они есть на самом деле. Это не означает, что черные дыры не являются странными объектами, но, возможно, они не так уж странны, как люди склонны верить после прочтения популярной научной статьи или книги. ?? Концепция существования объекта с такой плотностью и компактностью, что даже свет не может покинуть его поверхность, предшествует теории относительности более чем на век. Как мы знаем, первым, кто опубликовал статью о возможности того, что свет, испускаемый таким объектом, упадет обратно на объект вместо того, чтобы уйти в бесконечность, был Джон Мишель в 1783 году. ?? Современное представление о черной дыре восходит к работе Карла Шварцшильда, который в 1916 году представил первое ""чистое"" аналитическое решение уравнений поля Эйнштейна. В теории Эйнштейна гравитация подразумевает релятивистское замедление времени. Чем сильнее гравитационное поле, тем медленнее идут часы по сравнению с часами в пустом пространстве, вдали от источников гравитации. Если объект достаточно тяжел и компактен, возможно, можно подойти к нему так близко, что гравитационное замедление времени станет бесконечным! ?? Это приводит к тому, что не только свет не может покинуть такой объект, но он замедляется до такой степени, что фактически становится ""замороженным"". Изначально Эйнштейн не воспринимал это предсказание слишком серьезно. Однако было обнаружено, что это ""бесконечное замедление времени"" применимо только тогда, когда мы рассматриваем объект Шварцшильда снаружи. Наблюдатель, который фактически падает к объекту, достигнет этого ""горизонта"" за конечное время, измеряемое его часами. ?? Если это так, то он представляет собой точку (или скорее момент времени) невозврата: если наблюдатель пересекает этот порог, спасения нет. Это осознание вызвало большой интерес и попытки понять, как будет выглядеть этот ""интерьер"". Ведущие к этому математические техники привели к открытию того, что эти регионы могут иметь удивительные свойства. ?? Они могут быть воротами в другие места во вселенной или даже в параллельные/альтернативные вселенные. ""Сингулярность"", которую они хранят, может иметь сложную структуру и, возможно, даже функционировать как машина времени. И это только классическая теория! ?? Затем приходит квантовая физика, которая, прежде всего, предполагает, что черные дыры ""испаряются"" со временем как тепловое излучение. Это само по себе удивительно, но есть еще более странный поворот: испарение - это действительно случайное тепловое излучение, которое нарушает поведение запутанных квантовых систем, стирая информацию, которая характеризует эти системы. Это ""парадокс потери информации"", который до сих пор не имеет разрешенного решения и может не быть полностью разрешен, пока у нас не будет лучшего понимания квантового поведения гравитации.";Наука и образование
Мангровые болота: естественная преграда для цунами ?? Цунами невозможно остановить, но во время цунами в Индийском океане в 2004 году было обнаружено одно обстоятельство, которое замедляет его движение. Это мангровые болота. ?? Мангровые деревья - одни из немногих крупных растений, которые могут расти в соленой воде и подниматься над ней. Они также не против того, чтобы их корни постоянно находились под водой. Однако для человека они не выглядят привлекательно, как пляжи, поэтому их часто уничтожают для улучшения навигации и видов на воду. ?? Тем не менее, во время цунами высотаIncoming tide была примерно на две трети ниже, когда он проходил через мангровые болота, по сравнению с тем, когда он ударял по открытым пляжам.;Наука и образование
"Мальчик для порки: необычная профессия в истории ?? Мальчик для порки - это не совсем профессия, а скорее призвание. В феодальные времена существовала практика, когда мальчик, выросший вместе с дворянским ребенком, становился его ""мальчиком для порки"". У них была близкая связь. Если дворянин совершал проступок, мальчик для порки получал за него наказание. Учитель не имел права бить дворянина, но это обычно помогало дисциплинировать его, потому что он любил своего друга и испытывал угрызения совести, когда тот страдал из-за него.";Наука и образование
Как Марс и Венера получили или потеряли свою воду по сравнению с Землей? ?? Все три планеты получили свою воду в результате бомбардировки миллиардами крошечных комет, которые представляют собой не что иное, как шар воды. Они продолжают оказывать влияние на планеты постоянно. ?? Как они потеряли воду, в основном касается Венеры. У нее есть эффект парникового газа, который закипятил всю воду. На протяжении миллиардов лет она была утеряна в космос. ?? Марс, с другой стороны, имел плотную атмосферу из CO2 и океаны. Когда он потерял свое магнитное поле, солнечные ветры медленно снесли атмосферу, и он стал холодным. По мере этого вода в основном замерзла на месте. ?? Вот карта водяного льда на Марсе от NASA. Везде от примерно 45 градусов широты до полюсов есть водяной лед на глубине менее метра от поверхности, как указано цветами. Большая часть из них покрыта слоем реголита, кроме полюсов, где ледяные шапки явно видны. ?? Ученые оценивают, что от 40% до 99% воды, которая когда-то составляла обширные океаны, все еще там. Неясно, есть ли водяной лед ближе к экватору и просто немного глубже.;Наука и образование
"Опасность черных дыр: мифы и реальность ?? Существует ли реальная угроза от черных дыр, находящихся вблизи Земли? Многие люди воспринимают черные дыры как ""гигантские пылесосы"", способные поглотить все вокруг. Однако это не совсем так. ?? Например, всего в восьми световых минутах от нас находится звезда. Если бы Земля упала в нее, мы бы все быстро погибли. Но, к счастью, это не произошло, и звезда уже более 4 миллиардов лет вращается вокруг Солнца. Это верно для всей галактики: вся масса движется по большому кругу вокруг центра галактики. ?? Если бы черная дыра находилась на расстоянии четырех световых лет, она оставалась бы на этом расстоянии в течение следующих нескольких миллиардов лет. Через миллиард лет Земля будет уничтожена Солнцем, когда оно начнет превращаться в красного гиганта. То, что произойдет после этого, не повлияет на жизнь на Земле, потому что ее уже не будет. ?? Если бы звезда или звездная черная дыра прошли мимо нашей солнечной системы на расстоянии одного светового дня, мы все погибли бы. Орбиты планет были бы сильно искажены, и некоторые могли бы упасть в Солнце, а другие изменили бы свои орбиты на сильно эллиптические. Однако этого никогда не происходило за последние 5 миллиардов лет, иначе не осталось бы планет с почти идеальными круговыми орбитами.";Наука и образование
"Происхождение слова ""Донер"" и его значение в немецком языке ?? Слово ""Донер"" происходит из турецкого языка и означает ""вращающийся"". Полное название блюда - ""дёнер кебап"", что переводится как ""вращающееся мясо"". Это связано с тем, что мясо готовится на вертикальном вертеле, который вращается. Этот традиционный турецкий способ приготовления мяса существует уже несколько веков. ???? В Германию этот метод был привезен мигрантами примерно в 1970 году. В Германии для приготовления дёнер кебапа турки используют телятину или курицу, тогда как в Турции также часто используется баранина. Мигранты из Греции принесли с собой похожее блюдо - ""гирос"", которое также означает ""вращающийся"". Однако греки в основном используют свинину для приготовления гироса. ?? vПриправы, соусы и способ подачи этих блюд несколько различаются. Гирос обычно подается с цацики и луком, в то время как дёнер кебап предлагается с выбором соусов, салатом и по желанию - с пуль бибер (паприка-чили порошком).";Наука и образование
Пуля .50 калибра в космосе: как далеко она может пролететь за час? ?? Многие считают, что стрельба из снайперской винтовки .50 калибра в космосе невозможна. Однако, это не так. Пуля действительно может быть выпущена в космосе. Процесс сгорания пороха, который происходит внутри патрона и ствола винтовки, не требует наличия внешнего кислорода. ?? Важно отметить, что в космосе отсутствует атмосфера, что означает отсутствие сопротивления воздуха. Это позволяет пуле двигаться без замедления. Таким образом, пуля может продолжать свой путь практически бесконечно, пока не столкнется с каким-либо объектом. ? Если говорить о времени, то за один час пуля может преодолеть огромное расстояние. В зависимости от начальной скорости и угла выстрела, пуля может пролететь миллионы километров. Однако, в реальных условиях существуют различные факторы, которые могут повлиять на ее траекторию и скорость.;Наука и образование
Почему Homo sapiens остались единственным видом людей? ?? 100 000 лет назад на Земле существовало по меньшей мере 6 видов людей. Однако сегодня мы остались единственным выжившим видом. Почему так произошло? ?? Одним из объяснений является наше стремление к исследованию и освоению новых территорий. Люди - единственные существа, которые покорили все пригодные для жизни уголки планеты. Мы также обладаем способностью к быстрому размножению, что позволяет нам вытеснять конкурентов. ??Физические и умственные способности современных людей также сыграли важную роль в нашем выживании. У нас есть мозг, способный к разработке передовых технологий, сложные языки для общения и сотрудничества, а также физическая выносливость для охоты. ?? Другие виды гомининов не обладали всеми этими характеристиками. Например, неандертальцы были менее технически развиты и объединялись в небольшие группы. Они сосуществовали с современными людьми на протяжении тысяч лет, что привело к их медленному вымиранию. ?? Денисовцы известны только по ДНК, найденной в Сибири, а Homo Naledi имели маленький мозг, но были хорошими путешественниками. Однако из-за их низких умственных способностей они стали легкой добычей для современных людей. ?? Вероятно, существовали и другие виды, о которых мы никогда не узнаем.;Наука и образование
"Контроль птицами своих физиологических функций: мифы и реальность ?? Птицы не имеют мочевого пузыря, что является одной из их адаптаций к полету. Вместо этого они выделяют ""мочу"" в виде белой пасты, смешанной с фекалиями, через клоаку - единственное отверстие для выделения отходов. Когда они сидят в гнезде и им нужно испражниться, они встают, отворачиваются от солнца и выпускают белую пастообразную струю, состоящую из фекалий и мочи. ?? Некоторые виды птиц могут контролировать свои выделения. Например, голубоногие олуши на Галапагосских островах отворачиваются от солнца перед тем, как испражниться. Это говорит о наличии у них сфинктера с произвольным контролем. Я также знаю, что многие птицы испражняются непосредственно перед полётом (как и летучие мыши), чтобы немного облегчить своё тело. ?? Птицы, гнездящиеся на деревьях, также могут контролировать процесс выделения. Они встают и свешивают хвост за край гнезда или дупла перед тем, как испражниться. Это предотвращает загрязнение гнезда. Когда чайки и крачки собираются в стаю, они зависают над человеком или хищником и обильно испражняются на своего врага. ?? Таким образом, некоторые виды птиц действительно могут контролировать свои физиологические функции. Это позволяет им избежать загрязнения своего гнезда и облегчить тело перед полетом.";Наука и образование
Всю линейку iPhone 17 показали на одном фото — инсайдер Majin Bu сравнил девайсы друг с другом. Базовый iPhone 17 почти не отличается от 16-го, Plus-версии в этом году не будет. В iPhone 17 Pro из-за нового блока камер «переехало» фирменное яблоко — теперь оно не по центру корпуса, а ниже. Выделяется iPhone 17 Air. Он получил уникальный модуль камеры и почти в два раза тоньше остальных смартфонов. До релиза осталось около двух месяцев.;Наука и образование
Вышла убийца Suno — Wondera AI генерит полноценные треки за минуту и заметно обходит конкурентов по качеству. Можно создавать, редактировать и выпускать музыку бесплатно, а нейронка подскажет, как лучше составить промт для трека.;Наука и образование
Госдума запретила продавать в России гаджеты без предустановленного RuStore. Ограничения коснутся всех устройств, включая iPhone и iPad. При этом пока приложение RuStore есть только на Android. После подписания закон начнет действовать с 1 сентября.;Наука и образование
Вышла нейросеть Chronicle — она моментально делает стильные слайды и придумывает структуру выступления. Можно превратить в презентацию целый сайт или создать текст с нуля. В готовых слайдах можно в один клик менять дизайн и добавлять разные элементы, включая мокапы смартфонов.;Наука и образование
iPhone будет говорить родителям, когда ребёнок попытается написать на незнакомый номер. Такая функция появится в iOS 26. Детям придется отправлять запрос на переписку кому-то из взрослых. Те могут проверить контакт и заблокировать его со своего смартфона. Также можно будет настроить фильтр по возрасту и разрешить ребенку писать, например, только одноклассникам.;Наука и образование
Вышел генератор презентаций для Figma — Snapdeck. Делает стильные слайды с готовыми таблицами и графиками. Генерация слайда занимает пару секунд. Главный плюс — все элементы макета можно сразу отредактировать, подвинуть или перекрасить.;Наука и образование
Apple выпустила мощную обнову для AirPods. Новые фичи: — Наушники будут напоминать вам о зарядке - вы получите пуши, когда батарея почти на нуле, — С помощью подсов можно управлять камерой айфона, — Если AirPods поймут, что вы уснули, то самостоятельно отключатся.;Наука и образование
Suno мощно обновился — теперь это полноценный ИИ-редактор для любых песен. Можно по частям менять сгенерированные треки или загружать свои и работать с ними. Залить в нейронку дают даже отдельные риффы или вокальные строки. Можно буквально создать новую песню из записанной на диктофон мелодии.;Наука и образование
Opera показали первый в мире браузер со встроенным ИИ-агентом — Neon. Он сможет работать, пока пользователь спит. Neon можно будет поручить писать код, покупать билеты, бронировать отели или отправить его на интернет-шопинг. Пока доступно только по инвайтам. Встаем в вейтлист здесь.;Наука и образование
Дуров анонсировал коллабу Telegram и Grok — ИИ внедрят прямо в мессенджер!  Нас ждёт поистине легендарное: • ИИ будет отвечать на ваши вопросы прямо в поиске Telegram. • Grok сделает ваши сообщения детальнее. • Нейронка будет собирать выжимку сообщений и файлов. • ИИ также поможет в модерации чатов и фактчекинге постов.  По словам инсайдеров, коллаб с xAI на год стоит безумные $300 млн.;Наука и образование
Появились первые в мире очки с автофокусом. Они подстраиваются под зрение владельца в режиме реального времени. Девайс разработали в японской компании ViXion. Внутри — датчик глубины и моторизованные линзы с диапазоном от -10 до +10 диоптрий. Работают от аккумулятора до 15 часов. Дату старта продаж пока не называют. Цена — $500.;Наука и образование
Появился ИИ-редактор видео Lens. Умеет быстро монтировать ролики и работать с моушн-дизайном. Нейронка сама вырезает ненужные кадры, добавляет переходы, подписи и субтитры. Может даже сделать цветокоррекцию. Встаем в очередь на тест по ссылке.;Наука и образование
Вышла Qwen 3 — флагманская линейка моделей от Alibaba. По ряду бенчмарков они не уступают или даже обгоняют OpenAI o3-mini. Модели отлично показывают себя в программировании, могут отвечать как обычный чат-бот или как ризонер. Длина контекста — от 32 тыс. до 128 тыс. токенов. Есть поддержка 119 языков, включая русский. ;Наука и образование
В ChatGPT появилась новая версия Deep Research. Той самой функции, которая изучит весь интернет и выдаст готовое исследование по любой теме. Это облегченный Deep Research на базе o4-mini, который автоматически включится, когда закончатся лимиты на основном. Он будет выдавать почти такие же качественные ответы, но короче. А главное — больше лимитов на месяц.;Наука и образование
В сеть слили фотографии будущих iPhone 17 — инсайдеры показали, как может выглядеть уже финальный дизайн. Модели Pro и Pro Max получат самую большую камерную панель в истории iPhone, а производители аксессуаров уже готовы продавать на них отдельные чехлы.;Наука и образование
OpenAI купит Chrome, если Минюст США заставит Google продать браузер. Это может произойти в рамках антимонопольный борьбы с Google, который признали монополистом в сфере онлайн-поиска. Компания подаст апелляцию на решение суда. О намерениях купить Chrome заявил в суде директор по продукту OpenAI Ник Тёрли, где он даёт показания.;Наука и образование
Xiaomi выпустила пылесос-убийцу клещей за 4 тысячи рублей. Гаджет прогревает поверхность до 55°C, добивая паразитов УФ-лампой. LED-экран в реальном времени показывает уровень загрязнённости: чем краснее, тем больше клещей. У Dust Mite Vacuum Cleaner 2 Pro также есть пять режимов работы, а весит он всего 2,3 кг.;Наука и образование
В продаже появились народные карточки Nvidia RTX 5060. Нас ждёт сразу несколько версий: — RTX 5060 Ti на 16 Гб. В продаже с 16 апреля за 429 баксов (~35 000 рублей), — RTX 5060 Ti на 8 Гб. В продаже с 16 апреля за 379 баксов (~31 000 рублей), — RTX 5060 на 8 Гб. В продаже с мая за 299 баксов (~24 500 рублей).;Наука и образование
ChatGPT прокачали — теперь нейронка помнит все ваши диалоги и даёт по ним ответы, как настоящий человек. В настройках можно управлять предыдущими чатами, а также удалять лишнюю информацию. Апдейт доступен для юзеров ChatGPT Plus и Pro — через пару недель ждём доступ для  всех.;Наука и образование
VK поможет разработчикам быстрее находить и устранять сбои в веб-сайтах. Функционал бесплатного сервиса Tracer, который уже хорошо зарекомендовал себя в мобильной разработке, стал доступен и для веб-разработки. — Отслеживает ошибки и зависания в режиме реального времени.;Наука и образование
ChatGPT вошел в топ-6 самых посещаемых сайтов во всем интернете. Аудитория чат-бота за год выросла на 154%. Только в марте его открывали 4,5 млрд раз. Он почти обогнал X(Twitter), разрыв между сервисами — всего 30 млн пользователей за месяц. Дальше ChatGPT будет соревноваться с Instagram, Facebook, YouTube и Google. ;Наука и образование
В Нью-Йорке открыли ресторан в виртуальной реальности.  Посетители EPIC NOW надевают VR-шлемы и наслаждаются изысканной кухней «в других мирах».  ;Наука и образование
Nintendo Switch 2 выйдет уже 5 июня — об этом сообщила сама компания. Что известно: — В Switch 2 есть внешняя веб-камера, докупается отдельно, — Завезли локальный кооп: можно играть в одну игру в одной комнате на разных свичах, — 256 ГБ базовой памяти, — Джойконы теперь на магнитах и могут работать как мышка, — Полная совместимость с играми с прошлой консоли. Цена: от 450$ (~37.000р).;Наука и образование
Нашли сервис Rork для быстрого создания мобильных приложений.  Умеет делать игры, соцсети или трекеры задач — писать код не нужно. Можно загрузить скриншоты других приложений или макет из Figma для более качественной генерации. Rork дает сразу проверить результат на смартфоне и опубликовать его в App Store. Забираем тут. Бесплатно доступно пять генераций в день. ;Наука и образование
ЕС разрешил Apple выпускать iPhone без порта для зарядки — об этом сообщает 9TOMac. Вероятно, таким образом компания решила обойти запрет Lightning – теперь iPhone могут быть без разъемов вообще, заряжаясь только через MagSafe. ;Наука и образование
NVIDIA выкатили Blue — первый робот из «Звёздных войн». CEO Дженсен Хуанг назвал малыша «революцией» в робототехнике. Теперь любой энтузиаст может собрать схожего помощника: вся документация есть в open source. Игрушка даже сама думает и решает мини-задачи. ;Наука и образование
AirPods будут переводить речь в реальном времени — фичу дропнут вместе с iOS 19 уже в сентябре. Наушники будут захватывать иностранную речь и сразу выдавать перевод прямо в уши. ;Наука и образование
Perplexity выпустили десктопную версию для Windows. ИИ-поисковик, который не уступает Google, теперь доступен прямо с рабочего стола. В него встроен бесплатный Deep Research для создания исследований и отчетов по любой теме. Можно выбирать топовые модели, в том числе «думающую» DeepSeek R1. Скачиваем тут. ;Наука и образование
Apple готовит крупнейшее обновление iOS — дизайн будет вдохновлен «стеклянной» эстетикой visionOS. Презентация iOS 19 пройдет в июне, а релиз ожидается осенью.  На видео — концепт нового дизайна. ;Наука и образование
Стартап Manus выпустили ИИ-агента общего назначения. Это значит, что он может всё! Нейросеть может и компьютером пользоваться, и собрать инфу для научного исследования. — Нейронка смогла сделать глубокий анализ акций Tesla и дать прогноз на будущее. — На видео Manus регистрирует и начинает активно вести 50 аккаунтов в Твиттере одновременно. — Manus смог просчитать оптимальную орбиту для космического аппарата, летящего на Марс, с поправкой на текущее положение планет. Попробовать крышесносный ИИ можно самостоятельно — оставляем заявку здесь. ;Наука и образование
Apple выпустили новые MacBook Air на чипах M4. Главное: – В 23 раза быстрее маков на Intel, – В два раза быстрее MacBook Air с M1, – От 16 Гб оперативки, – Новая камера на 12 Мп, – Появилась небесно-голубая расцветка, – Держит зарядку до 18 часов.;Наука и образование
Стартап Cortical Labs представил компьютер CL1 с настоящими человеческими нейронами. Главное о прорыве: – Система основана на живых нейронах, полученных из стволовых клеток человека, – Они способны к самообучению на базовом клеточном уровне (нейроны стремятся к созданию предсказуемых, энергоэффективных соединений), – Благодаря этому система быстрее обучается и потребляет меньше энергии, чем обычные LLM, – Благодаря этому система быстрее обучается и потребляет меньше энергии, чем обычные LLM, – Такие компьютеры ускорят создание лекарств и исследование болезней, – Технология поможет лучше понять устройство машинного интеллекта, роботы могут стать еще умнее, – Продажи стартуют уже в этом году, цена — всего $35 тыс. за компьютер. Ученые буквально готовятся создать роботов с человеческими мозгами.;Наука и образование
AMD выпустили идеальные бюджетные видеокарты — они в разносят аналоги от Nvidia. Давайте по порядку: — 9070: конкурент RTX 5070 за ту же цену, но лучше, — 9070 XT: убийца RTX 5070 Ti: $599 против $749 за карточку от Nvidia, — У обеих карточек архитектура RDNA 4, — Также выпустили новый апскейлер FSR4 — буст FPS в 3 раза, — Получаете 4К-гейминг по цене 1440p. Старт продаж уже 6 марта.;Наука и образование
Alibaba выпустила бесплатный генератор видосов, который обходит Sora буквально во всём. Из приятного: это опенсорс модель, которая не требует большого количества ресурсов — для её работы достаточно видеокарты на 8 Гб. Устанавливаем по инструкции — здесь. ;Наука и образование
Линейка iPhone 17 может выглядеть так. Инсайдер Маджин Бу опубликовал свежие рендеры всего модельного ряда будущих смартфонов. Слухи пока подтверждаются и задняя панель камеры может стать горизонтальной. В привычном дизайне, видимо, останется только базовая модель. ;Наука и образование
Домашние роботы — теперь реальность.  Компания 1X представила гуманоидного робота Neo Gamma для внедрения в повседневную жизнь. Neo Gamma может заварить чай, попылесосить в доме, разложить вещи по местам. Но главное — в него встроен ИИ, поэтому со временем робот будет адаптироваться под владельцев и их привычки. В реальном контексте и разнообразии данных растет интеллект и автономия гуманоидов. Это учит их нюансам человеческой жизни: открывать двери пожилому человеку или осторожно передвигаться рядом с домашними животными ;Наука и образование
Grok 3 стал бесплатным — теперь каждый может использовать нейронку от Маска без ограничений. Подробности: — Grok 3 оказался в разы лучше конкурентов - GPT-4o, Claude 3.5 Sonnet, Gemini-2 Pro и DeepSeek-V3 в математике, кодинге и научной работе, — Интеллект на 200 000 чипах Nvidia H100 - такого ещё не было, — Превзошёл всех на Chatbot Arena, — Встроенный DeepSearch рвёт Google, а если в сети нет ответа - нейросеть выдаст логичное предположение.;Наука и образование
В сеть слили рендеры будущего iPhone 17 Air — толщина устройств может достигать 5-6 мм. Известно, что ультратонкая серия придёт на смену Plus-версиям. ;Наука и образование
В ChatGPT убрали цензуру. Появилась возможность обсуждать темы, которые раньше были запрещены. Например: теперь можно затрагивать эротические темы или чёрный юмор. OpenAI начала менять подход к обучению ИИ, чтобы поддерживать «интеллектуальную свободу», независимо от сложности или спорности темы.  Это решение было принято после множества отзывов от пользователей. ;Наука и образование
В ОАЭ зафиксирован самый быстрый мобильный интернет в мире. Обычная скорость загрузки там составляет 545 Мб/с.  Россия по скорости мобильной сети занимает 87-е место из 104 с медианной скоростью 36 Мб/с. За 10 ГБ мобильного трафика в ОАЭ попросят около ?3500 в месяц. В России похожий пакет интернета будет стоить от ?350. ;Наука и образование
iPhone SE 4 могут показать уже 19 февраля — Тим Кук официально объявил дату следующей презентации Apple. «Готовьтесь встретить нового члена семьи» Это будет самый свежий из дешевых смартфонов Apple, ожидаемая цена — $499. ;Наука и образование
OpenAI сделают Deep Research бесплатным для всех. Это та самая функция в ChatGPT, которая пишет курсовые и рефераты за несколько минут. Без подписки будет доступно два запроса в месяц, а пользователям Plus будут давать по 10 запросов. ;Наука и образование
Apple выпустила обнову iOS 18.3.1, которая фиксит критическую уязвимость устройств. CVE-2025-24200 позволяла подключаться к заблокированному смартфону по проводу. ;Наука и образование
Делаем закадровую озвучку видео — вышла модель для создания аудио из текста Kokoro v1.0. Создаются простые, но качественные аудиодорожки. Нейронка работает локально в браузере, так что данные пользователей никуда не утекают. Тестируем бесплатно тут. ;Наука и образование
Выяснилось, что RTX 5080/5090 слабее предыдущих 4080/4090. Согласно новым тестам, RTX 5090 сравнима с 4080 и даже не дотягивает до уровня 4090. ;Наука и образование
Вышла новая фича для ИИ Krea — она позволяет редачить картинки текстом. Инструмент Chat работает проще простого: закидываете фотку и пишете, что хотите получить, а дальше нейронка выдаёт вам результат. ИИ идеально понимает промты и принимает другие картинки как референс. Всё это бесплатно. Пользуемся здесь. ;Наука и образование
Утилита, которая удаляет фон с любых фоток и видосов всего за пару кликов. Это стало возможно в новой модели BEN2 и всё очень просто: закинули медиа, нажимаете «Удалить фон» и получаете результат. Пробуем бесплатно тут. ;Наука и образование
Opera выпустили браузер Air для тех, кто испытывает стресс на работе. Браузер напоминает сделать перерыв, подсказывает упражнения на дыхание, следит за осанкой через камеру и помогает размять шею. Можно включить успокаивающие звуки для концентрации. Скачиваем тут ;Наука и образование
