«Парни, шо мы надрафтили…» —Pure~ сыграет на Hoodwink на первой карте против Team Falcons BetBoom Team взяли Белку на закрывающий пик. Заготовка или поплава?;Спорт
jks перешел из Team Liquid во FlyQuest. Киберспортсмен представлял состав Liquid по CS2 с июля 2024 по апрель 2025 года. Затем три месяца jks просидел в инактиве.;Спорт
Collapse пообещал жару во второй день Riyadh Masters 2025. У нас 50 градусов. Сегодня будет жара лютая. Мы играем против Talon Esports. Там есть кукушнутый [Kuku] (смеется), а есть джокашнутый [Jhocam]. Мы просто будем очень сильно стараться — подготовились, в принципе, тоже хорошо. Как думаете, сможет ли Spirit одолеть Talon и заработать первую победу на Рияде?;Спорт
Dota 2 исполнилось 12 лет Официальный релиз игры состоялся 9 июля 2013 года. С днем рождения, Дота! Мы тебя любим, даже несмотря на то, что ты всё еще бета.;Спорт
Расписание второго дня Riyadh Masters 2025. Обращаем внимание на самые интересные матчи: BetBoom Team vs Falcons (14:30 мск), VP vs Team Yandex (17:00 мск), Tundra vs Aurora (17:00 мск) и PARIVISION vs Liquid (19:30 мск). Трансляции, положение команд в группах и прочее доступно в нашем репортаже.;Спорт
Завершился первый игровой день на Riyadh Masters 2025 Все матчи в группах A и B закончились ничьими. В группе C победы одержали Aurora и Tundra, а в группе D — Team Liquid и PARIVISION. Удивил ли вас первый день Рияда?;Спорт
"#итогидня Подборка новостей к концу вторника (08.07): Dota 2: — Lorenof про Fng на посту тренера Virtus.pro: «Тренировки стали более дисциплинированными» — GpK~ после матча с Gladiators: «В первой игре нас все устраивало, просто совершили кучу критических ошибок» — Pure~ после ничьей с Gladiators: «Мне просто обидно, что мы проиграли карту этим ребятам» — Gorgc: «GpK~ определенно лучший мидер прямо сейчас» — N0tail завершил карту за OG со статистикой 0/12 — клуб всухую проиграл в финале CCT Season 2 Series 2 — Stray228 анонсировал «Будку 2» — комьюнити-каст Riyadh Masters 2025 с TpaBoMaH, ybicanoooobov и секретным гостем — Miposhka после матча с Xtreme Gaming: «Мы хорошо отыгрывали до того момента, когда напали на Juggernaut»  — RodjER: «Только Yatoro и Satanic могут выигрывать на жадных керри в нынешней мете» — ILTW: «Falcons — мясное мясо» — RAMZES666 про Riyadh Masters 2025: «Team Falcons — мясо нереальное какое-то» — N0tail вернулся в состав OG на третьей карте финала CCT Season 2 Series 2 — «Сегодня будем трахать» — Solo перед первым матчем Team Yandex на Riyadh Masters 2025 — «Когда я начинал, много предложений о 322 было. Наверное, поняли, что меня не возьмёшь» — интервью с Otaker о подставных матчах, мете и карьере  — RAMZES666: «Raddan по стрейфам в какой-то нереальной зоне»  — Nix пропустит первые дни Riyadh Masters 2025 — Fishman покинул 1win Team — Larl перед матчем против Xtreme Gaming: «Думаю, к этой серии они подготовились лучше, но и мы точно слабее не стали» — Niku о Dota 2: «Чтобы играть на высоком уровне, тебе нужен опыт с самого детства. В LoL ты можешь разобраться за месяц» — Eiritel: «Не могу поверить, что закончился противный кусок сезона, где половина команд ""чиллит, чтобы не устать к Рияду""» ??CS2: — Zorte после ухода из BetBoom Team: «Ещё один сезон без изменений был бы для меня тяжёлым на 100%» — JL после ухода из NAVI: «Хочу взять небольшой перерыв на шесть месяцев, может быть, меньше» — Thorin высмеял donk за пост о magixx: «Вы же сами его кикнули, бро» — JL покинул Natus Vincere — Кто такой zweih — 15 интересных фактов о новом игроке Team Spirit, о которых вы не знали — Аналитик про кик zorte: «Ему будет сложно вернуться на тир-1» — Spirit, Vitality, NAVI и Falcons поучаствуют в ESL Pro League Season 22";Спорт
"gpK~ подвел итоги матча против Gladiators на Riyadh Masters 2025 Серия закончилась со счетом 1:1. В видео для YouTube-канала BetBoom Team киберспортсмен рассказал, почему команда уступила на первой карте: [Вопрос: ""Пару недель назад играли против Gladiators в финале. Что с тех пор изменилось в вашей игре и игре GG?""] На самом деле ничего не поменялось. Они знают, что мы будем делать, мы знаем, что они будут делать. Нас ни чем не удивили. Драфты… Даже в первой игре нас всё устраивало, просто совершили кучу критических ошибок. Слишком много, что в моменте игра стала неиграбельна. Поэтому первую [карту] проиграли.";Спорт
Капитан 4Pirates Роман Otaker порассуждал о 322, мете и своей карьере Об этом и многом другом игрок поговорил с журналистом Cybersport.ru Ульяной uluskins накануне финала Чемпионата России Сбера 2025 по Dota 2. — Привет! Давай сначала поговорим про скандал с Lukas. Это, мне кажется, самое занимательное, о чём можно сейчас спросить. Как думаешь, что толкает игроков «трешить»? — Жадность. — Как будто прям больших денег тут не заработаешь. — Насколько известно, люди больше так могут заработать, чем честной игрой. — То есть на честной игре меньше, по-твоему? — Ну, это очень редко наказуемо. Даже в его случае, кажется, серьёзного наказания может не быть. Он испортил репутацию, конечно, но баны он вряд ли получит.;Спорт
jL прокомментировал свой уход в инактив Киберспортсмен отметил, что планирует отдыхать примерно полгода. При этом Юстинас допустил, что вернется в компетитив раньше. Некоторые из вас, возможно, слышали об этом, некоторые, возможно, нет, но я больше не являюсь частью активного состава Natus Vincere. Но прежде чем делать выводы, хотел бы отметить, что это было обоюдное решение. Как вы, возможно, заметили, 2025 год был не лучшим для NAVI, и я знал, что организация планирует замены. Я знал, что мне больше не нравится играть исключительно из-за моих собственных мыслей и того, что я чувствовал по отношению к игре, что я чувствовал по отношению к себе. Поэтому мы пришли к взаимному решению повысить Makazze и перевести меня в инактив. Но это потому, что я хочу взять небольшой перерыв на шесть месяцев, может быть, меньше, может быть, на три, четыре, пять. И есть много вещей, которые я хочу сделать.;Спорт
ESL объявила участников ESL Pro League Season 22 по CS2. 8 команд были приглашены сразу во вторую стадию. 12 коллективов позвали в первую стадию. Еще 4 состава пройдут на турнир через региональные отборочные. Чемпионат начнется в конце сентября. Он пройдет в Швеции.;Спорт
larl высказался перед матчем против Xtreme Gaming на Riyadh Masters 2025. Сегодня у нас первый матч в группе. Играем против Xtreme Gaming. Мы с ними уже играли на PGL Wallachia — тогда выиграли их со счетом 2:0. Было в целом не сложно. Думаю, к этой серии они подготовились [лучше], но и мы точно не стали слабее. Так что приходите, смотрите, болейте за нас. ;Спорт
Не забывайте поддерживать нас своим голосом по этой ссылке! За это Telegram насыпает каналу разные плюшки. Вам не сложно, а нам приятно ????? ?? https://t.me/boost/csru_official;Спорт
НАЧИНАЕТСЯ ПРАЗДНИК ДОТЫ Сегодня стартует Riyadh Masters 2025. Чемпионат пройдет с 8 по 19 июля в Эр-Рияде, Саудовская Аравия. 16 команд разыграют $3 млн. Откладываем все дела и смотрим! Статистика, стримы, результаты матчей и другие полезности доступны в нашем репортаже. ХАЙП ;Спорт
s1ren и ArtFr0st покреативили в честь объединения их дуо в BetBoom Team. Ранее киберспортсмены вместе играли за Team Spirit. Ролик был опубликован в Telegram-канале s1ren.;Спорт
zorte покинул состав BetBoom Team по CS2. Киберспортсмен переведен в запас. На ближайшем турнире за команду на правах аренды выступит ArtFr0st. Состав BetBoom Team: s1ren, Magnojez, Ax1Le, Boombl4, ArtFr0st (аренда).;Спорт
zweih официально присоединился к Team Spirit на место magixx Состав команды: chopper, zont1x, donk, sh1ro, zweih, hally (тренер).;Спорт
magixx официально покинул состав Team Spirit по CS2 Киберспортсмен представлял клуб почти шесть лет.;Спорт
s1mple: «Почти уверен, что найду себе новый дом до конца 2025 года» Похоже, Саня очень хочет полноценно вернуться на профессиональную сцену Counter-Strike. Интересно, за кого в итоге будет играть снайпер.;Спорт
«Отель вообще суперский» — DM показал номер игрока на Riyadh Masters 2025 Киберспортсмен запостил «кружок» в своем Telegram-канале. Как вам номер? — сразу виден уровень шейхов;Спорт
"#итогидня Подборка новостей к концу воскресенья (06.07): Dota 2: — Dyrachyo поучаствует в освещении Riyadh Master 2025 — Talon окажется выше Spirit, Xtreme и NAVI — Panto показал свой прогноз на групповую стадию Riyadh Masters 2025 — Korb3n о Satanic: «Очевидно, что у него в карьере будет уровень игры выше, чем сейчас» — Munkushi~ представил тирлист керри в патче 7.39c — Miposhka перед Riyadh Master 2025: «Надеемся на лучший результат, на успех. Заряжаем себя тоже на успех» — 4Pirates стали победителями Чемпионата России Сбера 2025 по Dota 2 — AFK30 заняла третье место на Чемпионате России Сбера 2025 по Dota 2 — Malr1ne о Falcons на Riyadh Master 2025: «Надеюсь, что всё будет хорошо, и мы встанем на колени» — Фанатка LenaGol0vach подарила стримеру картины ручной работы — Dendi: мне интересна League of Legends, но немного соскучился по Dota 2 ??CS2: — Team Falcons запустила академию — подать заявку могут все желающие — Wildcard представила замены stanislaw и phzy — Zeus объяснил, почему не хочет работать тренером — Team QUAZAR заняла третье место на Чемпионате России Сбера 2025 по CS2, обыграв vezet — Norwi о трансферном рынке: «Сейчас люди до конца контракта могут скамейку греть и [терять] лучшие годы карьеры» — Molodoy: «Когда мне первый раз пришла зарплата от FURIA, родители посмеялись и сказали: ""Ты что, банк ограбил что ли?""» — Harumi: трансфер zweih в Team Spirit совершён — VP с Astralis, BetBoom Team с Heroic — стали известны группы FISSURE Playground #1";Спорт
4Pirates выиграли Чемпионат России Сбера 2025 по Dota 2. В финале коллектив Антона PERDAN4IK одолел 20Twice. Матч закончился со счетом 2:0.;Спорт
Определился бронзовый призер Чемпионата России Сбера 2025 по Dota 2 В матче за третье место AFK30 победила Prime Time — встреча завершилась со счетом 2:1. За топ-3 команда заработала 250 тыс.;Спорт
"Miposhka высказался перед стартом Riyadh Masters 2025. Вылетаем в Эр-Рияд. Миссия у нас — выжить, в первую очередь. Надеемся у нас всё получится. У нас два менеджера, которые будут следить за нашим здоровьем, за нашими жизнями. Также немножечко поиграем в ""Доту"", позаписываем контентика. Надеемся на лучший результат, на успех. Заряжаем себя тоже на успех. Так что смотрите, поддерживайте, болейте.";Спорт
"Malr1ne собрался встать на колени на Riyadh Masters. Вероятно, мидер Team Falcons просто оговорился, и имел в виду «встанем на ноги». Получилось мемно. Главное, чтобы фраза не стала пророческой. Через 2,5 часа у нас будет самолет в Доху, а из Дохи — в Эр-Рияд. 8 июля уже стартует Riyadh Masters 2025 — осталось чуть-чуть, и будем наслаждаться ""Дотой"". Как пойдет? Не знаю — будете наблюдать, будете болеть. Надеюсь, что всё будет хорошо и мы встанем на колени. Но пока я, по крайней мере, доволен нашей подготовкой. Очень доволен на самом деле, учитывая последние полгода. Поэтому буду надеяться на лучшее и просто стараться — вкладывать все силы. Там будет видно.";Спорт
G2 Esports хочет подписать игрока Fnatic в качестве замены Snax Об этом сообщил сайт HLTV. По данным издания, изначально G2 планировала выкупить xKacpersky из ENCE, но не смогла договориться с финским клубом.;Спорт
#итогидня Подборка новостей к концу субботы (05.07): Dota 2: — Kiritych про тренера Fng в Virtus.pro: «Я думаю, это усиление» — Fng стал тренером состава Virtus.pro по Dota 2 — Shachlo про Team Yandex: «В нынешнем составе топ-8 крупного турнира — это их потолок» — Batrider, Naga Siren и Undying чаще всего оказывались в бане в матчах FISSURE Universe: Episode 5 — PARIVISION представила форму к Riyadh Masters 2025 — 4Pirates сразятся в финале Чемпионата России Сбера 2025 по Dota 2 — «Игра не закончена, пока она не закончена» — 9Class после поражения PARIVISION в гранд-финале FISSURE Universe: Episode 5 — «Игра не закончена, пока она не закончена» — 9Class после поражения PARIVISION в гранд-финале FISSURE Universe: Episode 5 — Tobi после FISSURE Universe: Episode 5: «Я настолько хорошо играю, что все только обо мне и говорят» — 20Twice вышла в финал Чемпионата России Сбера 2025 по Dota 2, обыграв AFK30 — Анонсирован шестой сезон турнира FISSURE Universe — «Tobi — GOAT ??» — miCKe после победы в гранд-финале FISSURE Universe: Episode 5 — Adekvat: «Надеюсь, то, что мы увидели от PARIVISION в эти два дня, — просто игра вполсилы и пыль в глаза» — ALOHADANCE о Satanic: «Мне казалось, что он гигарак. Оказалось все совсем наоборот» — SabeRLighT- потроллил PARIVISION: «Спасибо ей за то, что как всегда показала потрясающее спортивное поведение» ??CS2: — HLTV.org: G2 Esports рассматривает игрока Fnatic в качестве замены Snax — YYHuT прошла в финал Чемпионата России Сбера 2025 по CS2, обыграв Team QUAZAR — Harumi: Metizport хочет приобрести n0rb3r7 и Shalfey — Molodoy рассказал, насколько сильно решает пинг в Казахстане — Hesta обыграла vezet и вышла в финал Чемпионата России Сбера 2025 по CS2 — Harumi: «R3salt в шорт-листе Fnatic!» — Smooya заявил, что смог бы победить корову в рукопашном бою — Jerry назвал игрока, который может подойти BetBoom Team — Организаторы BLAST Open Fall 2025 объяснили, почему часть ивента пройдет в онлайне — На FACEIT добавили отслеживание блокировок игроков в прямом эфире — Donk подарил Evelone статуэтку «Лучшего энтри-фрагера 2024 года» от HLTV.org — S1mple ответил Zeus на счет своей самоуверенности на мейджоре: «Не надо нести бред, спасибо»;Спорт
fng стал тренером Virtus.pro. Артем поможет команде на Riyadh Masters 2025. А останется ли бывший про-игрок тренером коллектива после турнира — решат по результатам.;Спорт
kyousuke открыл новый стиль стрельбы в CS2? У киберспортсмена есть привычка зажимать правую кнопку мыши во время спрея. При этом когда Максим тапает, то как обычно нажимает только ЛКМ.;Спорт
4Pirates с PERDAN4IK прошли в финал Чемпионата России Сбера 2025 по Dota 2 В полуфинале коллектив оказался сильнее Prime Time. В решающем матче 4Pirates встретятся с 20Twice.;Спорт
s1mple и Zeus устроили словесную дуэль. Бывший киберспортсмен высказался с критикой в адрес s1mple по поводу игры снайпера на мейджоре. Костылев отреагировал. Позже Zeus сказал, что не хотел обидеть s1mple. Ему просто показалось, что снайпер расслабился раньше времени. В общем, дед с батей сцепились и испортили всем… Ну вы поняли.;Спорт
«Спасибо PARIVISION за то, что она как всегда показала потрясающее спортивное поведение» — SabeRLighT потроллил PARIVISION Суть в том, что во время вчерашнего гранд-финала Dukalis несколько раз в токсичной манере высказался в сторону SabeRLighT. Например, он написал «Всё еще бот» и «Вы проиграете со счетом 2:3, зачиллься». Конец истории мы знаем — PARIVISION уступила со счетом 0:3.;Спорт
Битва победителей двух последних ЛЧ Центральный матч дня — просто топ. Обе команды недавно выиграли Лигу чемпионов. «Реал» — в сезоне 2023/2024, а «ПСЖ» — действующий обладатель титула. Мбаппе против бывшей команды! В первом же сезоне без Килиана парижане взяли ЛЧ, Лигу 1, Кубок и Суперкубок Франции. Быть может, всё дело было в «Черепашке»? На кону выход в финал клубного ЧМ. У Хаби Алонсо есть отличный шанс взять первый трофей в Мадриде, но «ПСЖ» слишком привык побеждать во всех турнирах, в которых участвует. Просто обязательный к просмотру поединок!;Спорт
«Сдал нас!» Журналист испортил сюрприз для Овечкина Александр не знал, что его будут чествовать на Матче года в Москве. Но благодаря случайному вопросу всё вскрылось  Зато Сергачёв и Панарин впервые поздравили лично. Розыгрыш билетов и свитера с автографами Ови, Панарина и Сергачёва.;Спорт
«Торпедо» будет распущено, если РФС решит исключить клуб из РПЛ Об этом сообщил адвокат совладельца московского клуба Леонида Соболева Андрей Алёшкин. Также функционер считает, что «оснований для задержания арбитра Богдан Головко не было»;Спорт
Уволен один из самых успешных директоров в истории команд Формулы-1. Кристиан Хорнер покидает «Ред Булл» За более чем 20 лет работы при нём «быки» взяли 6 Кубков конструкторов, а пилоты 8 раз становились чемпионами мира (по 4 Феттель и Ферстаппен) Новым главой команды стал Лоран Мекис, ранее занимавший аналогичный пост в «Рейсинг Буллз» Ранее различные инсайдеры сообщали, что на ограничении полномочий Хорнера в команде или даже на его увольнении настаивала сторона Ферстаппена. В прошлом году одна из сотрудниц «Ред Булл» обвинила Кристиана в сексуальных домогательствах. Позже обвинения с него были сняты.;Спорт
Просто победный гол Германии на женском Евро. После того, как футболистка сборной Дании смачным выносом попала в голову своей же партнёрше Немки воспользовались отскоком и в итоге выиграли 2:1  Комбинация года, не иначе.;Спорт
Капитан «Лас-Пальмаса» второй раз победил рак. В августе 2022 года у полузащитника Кириана Родригеса была диагностирована лимфома Ходжкина — опухолевое заболевание лимфатической системы. Испанец пропустил 6 месяцев, справился с болезнью и вернулся на поле Однако через два года случился рецидив. В 2025-м Кириан снова приостановил карьеру, прошёл химиотерапию, а теперь опять возвращается в футбол. Второй раз. Да, изменившись до неузнаваемости без волос и бороды. Но какая же это мелочь в борьбе за жизнь.;Спорт
Ещё один молодой перспективный новичок «Челси». После полуфинала КЧМ лондонцы подогнали именную футболку 40-летнему Тьяго Силве. И сфоткали его как на презентации.;Спорт
Судью решающего матча «Торпедо» задержали сотрудники полиции По версии следствия, Богдан Головко сознательно совершил ошибку в пользу московского клуба во время игры против «Камаза». Это был матч последнего тура Первой лиги. Он имел решающее значение для определения команд, которые выйдут в РПЛ Теперь футбольному судье грозит до 7 лет лишения свободы.;Спорт
«ЧЕЛСИ» — ФИНАЛИСТ КЛУБНОГО ЧЕМПИОНАТА МИРА — 2025. Зарешал в матче против «Флуминенсе» нападающий лондонцев Жоао Педро — дубль у парняги. Этот матч являлся для него дебютным в стартовом составе лондонского клуба. Отдельные аплодисменты 44-летнему вратарю Фабио и 40-летнему защитнику Тьяго Силве. Ветераны бились до конца за свой бразильский клуб.;Спорт
Судьба «Торпедо» решится 10 июля. В четверг состоится заседание контрольно-дисциплинарного комитета РФС. К этому моменту КДК получит необходимые экспертизы по делу клуба. «Торпедо» грозят отельные санкции или всё сразу: штраф в размере до 50 000 000 рублей, снятие очков в количестве до 15, исключением из числа участников соревнований, лишением завоеванных наград. Накажут исключением из РПЛ?;Спорт
Изменение правил в ЛЧ. С нового сезона в плей-офф Лиги чемпионов, Лиги Европы, Лиги конференций и женской Лиги чемпионов отменится жеребьевка домашних и выездных матчей. Преимущество игры дома в ответных матчах получат клубы, занявшие более высокое место на общем этапе Так в прошедшем сезоне в 1/4 финала Лиги чемпионов «Реал» сыграл второй матч против «Арсенала» на «Сантьяго Бернабеу», несмотря на то, что занял более низкое место в таблице (11-е), чем канониры (3-е). Согласно новому правилу, второй матч должен был состояться в Лондоне.;Спорт
Сын Карло Анчелотти возглавил «Ботафого». Это первый опыт работы Давиде в качестве главного тренера. До сих пор он входил в штаб своего отца, работая с ним как в «Реале», так и в сборной Бразилии.;Спорт
Прокатиться с Макгрегором на Rolls-Royce? Пффф, легко. Конор пригласил в свою машину за $ 600 000 случайного работягу Парень не забудет этот день никогда.;Спорт
Джордан проиграл $ 500 000 в казино. Легендарная история из 1993 года, которая откликается и сегодня. В интервью баскетболист признал, что азартные игры стали для него проблемой и он часто попадал в ситуации, где не мог остановиться. Почему спортсмены особенно подвержены этой зависимости?;Спорт
В Москве пройдет Женский фестиваль спорта. Спортивное лето в столице продолжается! 12 июля в парке «Музеон» с 11:00 до 20:30 состоится Женский фестиваль спорта, организатором которого выступит Департамент спорта города Москвы. Участников ждут мастер-классы, тренировки, модные показы и паблик-толки. Хедлайнерами фестиваля станут актриса Ирина Горбачева, визажист и предприниматель Елена Крыгина и эксперт моды Владислав Лисовец. За музыкальное сопровождения отвечают артисты Алсу, Натан и Олег Майами. Сильный пол тоже не останется без внимания. В отдельном пространстве можно сыграть в настольные футбол и хоккей, попробовать силы в бадминтоне и фрисби. Для самых юных участников будет организована отдельная зона с аниматорами, аквагримом и дискотекой с мыльными пузырями. Все активности праздника бесплатные, для некоторых требуется регистрация.;Спорт
Минспорта РФ обсуждает с РФС ужесточение лимита на легионеров По информации Андрея Панкова, одним из основных вариантов, который рассматривает Минспорта, является лимит с 10-ю легионерами в заявке, из которых на поле одновременно может находиться только пять. Отмечается, что вопрос находится лишь в фазе обсуждения Надо ужесточать лимит?;Спорт
В мужской сетке Уимблдона россиян не осталось. Хачанов вылетел в четвертьфинале В битве за полуфинал Карена остановил Тейлор Фриц. При этом в третьем сете Хачанов едва не повесил американцу баранку — 6:3, 6:4, 1:6, 7:6 (7:4) Достойно сражался. Аплодируем нашему парню.;Спорт
Жота был за рулём машины и серьёзно превысил скорость перед смертельным ДТП. Испанская полиция поделилась подробностями расследования В заявлении региональной гражданской гвардии говорится, что экспертное заключение ещё не завершено, но находится на финальной стадии. «Все имеющиеся на данный момент доказательства» указывают на то, что водителем автомобиля был Диогу Также полиция заявила, что в момент аварии «транспортное средство значительно превысило разрешённую скорость» Помимо прочего, изучаются следы колёс. Всё указывает на то, что во время обгона лопнула шина, из-за этого автомобиль улетел с дороги, после чего загорелся.;Спорт
У Захаряна снова травма? По информации Mundo Deportivo, Арсен досрочно завершил тренировку в «Реале Сосьедад» из-за болевых ощущений Однако брат футболиста пояснил ситуацию так: «?Без паники и спокойно! У Арсена отдельный план подготовки. Его плавно подводят к команде. В каких-то упражнениях не принимает участие. Сразу в нагрузку не пускают»? За последние 14 месяцев россиянин провёл лишь 4 матча в феврале.;Спорт
«Флуминенсе» — самая возрастная команда КЧМ. Огромная разница с молодёжью «Челси». 44-летний вратарь Фабио, 40-летний центральный защитник Тьяго Силва, 37-летний нападающий Кано. А у «Челси» нет ни одного игрока даже старше 27 лет?! Несмотря на возраст, ветераны тащат бразильский клуб. Силва выдаёт мощные речи в раздевалке и вносит изменения в игру. Главный тренер сам называет капитана «тренером на поле».;Спорт
Джикия приступил к тренировкам с «Антальяспором» ???? Защитник подписал контракт с турецкой командой, но переход пока не оформлен из-за трансферного бана ФИФА. В руководстве клуба уверены, что в ближайшее время все ограничения будут сняты  По информации агента Джикии, если случится форс-мажор и с «Антальяспора» не снимут бан, игрок может покинуть команду ?? Чемпионат;Спорт
«ПСЖ» остался без двух игроков до самого конца КЧМ. Пачо и Лукас Эрнандес получили двухматчевые дисквалификации и не помогут команде даже в случае выхода в финал. ФИФА объявила о наказаниях для игроков, получивших красные в четвертьфиналах КЧМ. Защитник «Реала»Дин Хёйсен отделался одноматчевым баном. А вот игроки «ПСЖ» получили по две игры. Как пояснила ФИФА, всё решила сила и агрессивность, с которыми были совершены нарушения парижан.;Спорт
Тьяго Силва. «Челси». В битве за финал клубного ЧМ «Флуминенсе» сыграет с «Челси». Капитан бразильцев Тьяго Силва наверняка постарается огорчить бывший клуб, в котором провёл четыре насыщенных года. Силва выступал за «Челси» с 2020 по 2024 год и даже был капитаном. В его активе более 150 матчей за «аристократов» и неофициальное звание любимчика лондонских фанатов. Защитник помог лондонцам выиграть Лигу чемпионов-2020/2021. В том же сезоне «синие» взяли Суперкубок УЕФА. Кстати, Силва выиграл с командой и клубный ЧМ, так что опыт победного розыгрыша турнира у него уже есть. Тьяго всегда с теплотой отзывался о времени на «Стэмфорд Бридж»: «Я очень горжусь тем, что являюсь частью семьи «Челси». Моя любовь неописуема. Синий однажды — синий навсегда». Теперь 40-летний игрок может не пустить свою экс-команду в финал.;Спорт
Ди Мария вернулся в родной клуб и не сдержал слёз. Именно в «Росарио Сентраль» Анхель начинал свой футбольный путь, а в 2007-м покинул клуб и отправился покорять Европу.  Спустя 18 лет он снова дома. Трогательные кадры с презентации.;Спорт
Тренер Мареска долго пожаловался, что у «Челси» много матчей. А потом узнал, сколько сыграл «Флуминенсе».  Бразильский журналист поставил Энцо на место. Теперь тренер «Челси» знает чуть больше о южноамериканском футболе.;Спорт
«Краснодар» согласовал трансфер лучшего ассистента Лиги 1 Гаэтана Перрена из «Осера». Об этом сообщает Фабрицио Романо. Стоимость сделки составит € 4,5 млн. В минувшем сезоне Перрен принял участие в 35 матчах, в которых забил 10 мячей и отдал 11 результативных передач. Топ?;Спорт
Шок! Синнер проигрывал 0:2 по сетам, но вышел в четвертьфинал Уимблдона на отказе Димитрова. У болгарского теннисиста возникли проблемы с грудной мышцей, и он не смог продолжить матч ?;Спорт
Антон Зиньковский перешёл из «Спартака» в «Сочи» на правах аренды. Срок соглашения рассчитан до конца сезона-2025/2026. Игрок будет выступать за «Сочи» под номером семь.;Спорт
Мирра в 1/4 Уимблдона! Андреева становится третьей россиянкой, пробившейся в четвертьфинал Андреева, Самсонова, Павлюченкова — жгите дальше, девчонки!;Спорт
Щенсны остаётся в «Барселоне». Войцех продлил контракт с клубом до 2027 года.;Спорт
Джокович — машина! Новак слил первый сет в игре с де Минором, но затем собрался и не оставил шансов австралийцу. Великий серб в четвертьфинале Уимблдона.;Спорт
Разъярённые футболисты «Баварии» пытались ворваться в раздевалку «ПСЖ», чтобы заставить Доннарумму извиниться перед Мусиалой, которому тот нанёс серьёзную травму во время игры. Об этом сообщил бывший футболист немецкой команды Рафинья. «Футболисты „Баварии“ умеют достойно проигрывать, я хорошо их знаю. Они хотели, чтобы Доннарумма хотя бы извинился перед Мусиалой, ведь они видели, насколько серьёзна эта травма. После игры в раздевалке были разговоры на повышенных тонах. Футболисты пошли в раздевалку „ПСЖ“ за Доннаруммой, чтобы потребовать извинений, они обменялись крепкими выражениями. Они потребовали этого, ссылаясь на некий „кодекс этики“, хотя он и не нанёс эту травму специально».;Спорт
Мировой рекордсмен по поеданию хот-догов выиграл 17-й титул за 19 лет. Он слопал больше 70 штук за 10 минут. Американец Джоуи Честнат по прозвищу «Челюсти» вновь подтвердил звание главного едока мира На очередном чемпионате Major League Eating он съел 70 с половиной хот-догов за 600 секунд, опередив ближайшего соперника на 24 штуки, и выиграв очередной горчичный пояс. Однако свой рекорд в 76 хот-догов Джоуи так не побил. На данный момент ему принадлежат 55 мировых рекордов в 55 дисциплинах.;Спорт
От 4-й лиги Ирландии до матчей против мировых звёзд. Защитник новозеландского «Окленда» Дилан Коннолли показал, как за 3 года прошёл путь от ирландских подвалов до клубного ЧМ.;Спорт
Экс-игрок «Барселоны» Иван Ракитич объявил о завершении карьеры Последним клубом 37-летнего Ракитича был хорватский «Хайдук». Также он защищал цвета «Базеля», «Севильи», «Шальке», «Барселоны» и «Аль-Шабаба». Ла Лига х4, Кубок Испании х4, Суперкубок Испании х4, Лига Европы х2, Лига чемпионов, Суперкубок УЕФА, КЧМ, 1х Кубок Швейцарии.;Спорт
Шокирующая авария на легендарной трассе Нюрбургринг. Porsche 911 GT3 RS и BMW M2 не поделили дорогу во время туристической сессии. В рамках таких заездов любой желающий может платно проехать по 20,8 км трассы на своём автомобиле В результате аварии обе машины уничтожены. Переднюю часть кузова Porsche оторвало. Несмотря на шокирующие кадры с камеры на трассе, оба водителя остались живы.;Спорт
«Я отпустила прошлое». Честный разговор с Чикуновой – главной звездой российского плавания. Женя готовится к дебюту на чемпионате мира, который стартует уже 11 июля. ?? Высшее достижение в карьере Чикуновой прямо сейчас – медали чемпионата мира на короткой воде и чемпионата Европы. Выше – ничего нет. Хотя ещё в 2019-м, когда ей было 14, она могла поехать на большой ЧМ, но осталась вне заявки. Потом ковид, потом отстранение россиян, и наконец Женя едет на долгожданный чемпионат мира на большой воде! ;Спорт
На полуфинал клубного ЧМ за тысячу рублей. ФИФА в 36 раз снизила стоимость билетов на матч между «Челси» и «Флуминенсе» — с $ 473,9 до $ 13,4 (примерно 1 тысяча рублей). Лица тех, кто купил за 470 представили? ;Спорт
Мбаппе выложил фото с КЧМ со странными болельщиками  Пустые места зачем-то дорисовали очень криво то ли в фотошопе, то ли через нейросеть. Но получилось плохо.;Спорт
Луис Диас не приехал на похороны Жоты, потому что был на вечеринке у блогеров. Колумбиец решил не ехать на прощание с одноклубником, так как дорога заняла бы порядка 24 часов. А ведь Жота поддержал Диаса в октябре 2023-го, когда у того похитили родителей.;Спорт
Найден футболист с самым необычным именем. Лучшего бомбардира чемпионата Боливии зовут EFMAMJJASOND — по первым буквам названий месяцев. По-русски получилось бы Яфмамииасонд. Вот объяснения родителей, выбравших сыну такое имя: «Нам просто нравятся 12 месяцев в году». У парня даже было прозвище «Календарь». Но для большинства он Джейсонд Колумбиец сейчас выступает за «Олвейз Реди» и лидирует в бомбардирской гонке чемпионата Боливии. 11 голов за 13 матчей, два хет-трика — Календарь в полном порядке!;Спорт
Гениальное спасение защитника на последней минуте финала в Уругвае! Суперкласико «Насьональ» — «Пеньяроль». Последние секунды дополнительного времени при счёте 0:0. Игрок «Насьоналя» прокидывает мяч мимо вратаря, оказывается перед пустыми воротами — но золотому голу не быть! Максимилиано Оливейра доработал момент до конца и спас свою команду. После этого «Пеньяроль» победил в серии пенальти и впервые в истории выиграл «Торнео Интермедио».;Спорт
Рекорд Ямаля побит. 16-летний мексиканец стал самым молодым победителем турнира сборных в истории. Знакомьтесь: Жильберто Мора, игрок 2008 года рождения. На Золотом Кубке КОНКАКАФ полузащитник «Тихуаны» выходил в основе во всех матчах плей-офф, включая финал. А в полуфинале отметился победным ассистом. Кстати, когда Ямаль дебютировал, Жильберто было лишь 14 лет.;Спорт
Мексика победила США и выиграла 13-й Золотой кубок КОНКАКАФ. Почеттино был близок к первому трофею с американской сборной, но мексиканцы закамбэчили и защитили титул Кубок поднял 39-летний Очоа.;Спорт
Кроос оценил игру «Реала» на клубном чемпионате мира, работу Хаби Алонсо в Мадриде и высказался о проблемах команды в организации игры. «Реалу» по-прежнему не хватает игрока моего профиля. И они всё ещё ищут его. Подобных футболистов не так много. А тех, кто есть, нелегко заполучить. О работе Хаби в «Реале» судить ещё слишком рано. Нужно время, чтобы оценить изменения и реализацию его идей» Так может, вернуться и помочь?;Спорт
Алькарас выдал порцию комплиментов Рублёву. «Андрей — один из самых сильных, если не самый сильный игрок в нашем туре. Без сомнения. Очень сложно справиться с его агрессией, ударами, форхендами. Когда ты сталкиваешься с ним, то чувствуешь, как он доводит тебя до предела с каждым ударом из стороны в сторону» В хорошей форме Андрей. Карлос просто с другой планеты.;Спорт
Увы, Рублёв покидает Уимблдон Андрей забрал первый сет у Алькараса, но дальше испанец включился на полную мощность. Хачанов — единственный россиянин, пробившийся в четвертьфинал.;Спорт
Поиграл с Роналду, набрался опыта, теперь можно на повышение к Моуринью. Дуран перешёл в «Фенербахче» на правах аренды до конца сезона-2025/2026. По информации Фабрицио Романо, 21-летний нападающий принял решение о переходе в «Фенербахче» после того, как директор клуба Девин Озен приехал для переговоров в Колумбию.;Спорт
Где-то в этой горе трофеев скрывается настоящая Легенда. «Бавария» простилась с Мюллером, опубликовав фото Томаса со всеми трофеями, которые он выиграл в карьере. 756 матчей, 250 голов, 223 ассиста.;Спорт
«Зенит» проиграл «Балтике» в товарищеском матче. Калининградцы организовали 2 гола во втором тайме.;Спорт
Варди мог перебраться в Серию А, но Виейра заблокировал переход нападающего в «Дженоа». La Repubblica пишет, что условия сотрудничества с Джейми уже были согласованы, но тренер отказался от услуг английского нападающего.;Спорт
Хюлькенберг прокомментировал исторический первый подиум в карьере. «Приятные ощущения. Заняло немало времени, не так ли? Я всегда знал, что у нас получится когда-нибудь. Давненько тут не был. Отличная гонка — при старте почти с последнего места. Если честно, даже не знаю, как это произошло» Тот случай, когда третье место важнее первого.;Спорт
Норрис выиграл Гран-при Великобритании, Пиастри — второй, Хюлькенберг — третий Для немецкого пилота команды «Кик-Заубер» это первый подиум в карьере. Сегодня Нико Хюлькенберг провёл 239-й Гран-при в карьере. До сегодняшней гонки Хюлькенберг был рекордсменом Формулы-1 по количеству проведённых гонок без подиумов.;Спорт
Хачанов в четвертьфинале Уимблдона  Карен в 1/8 без проблем в трёх сетах разобрался с поляком Майхшаком. В Лондоне дальше 1/4 Хачанов не проходил, надеемся, что в этот раз удастся преодолеть барьер.;Спорт
СКА едет в гости на «СКА Арену» Бывает и такое. Армейцы перебрались в «Ледовый», а вот китайский «Куньлунь Ред Стар» теперь будет играть в Питере на «СКА Арене».  Так и получается, что 6 сентября СКА едет в гости к «Куньлуню», но по факту к себе домой.;Спорт
Мартин Субименди — игрок «Арсенала». Вновь Артета переманивает игрока «Сосьедада». Контракт на 5 лет, Сумма трансфера: €65 млн.;Спорт
Сегодня Питер не спал! Более 25 000 человек пробежали по Петербургу в рамках международного марафона «Белые ночи». Участники главного забега стартовали в 22:00, а финишировали после полуночи на Дворцовой площади. Более 9000 человек пробежали марафон, около 14 800 — преодолели дистанцию в 10 км. Также было 95 команд в эстафете и 38 студенческих команд. ;Спорт
Сестра Роналду ответила на критику в адрес игрока из-за его отсутствия на похоронах Жоты. «Когда умер мой отец, в дополнение к боли утраты нам пришлось иметь дело с потоком камер и любопытных зевак на кладбище и везде, куда бы мы ни пошли.  Больное общество… У всех есть семьи. Ужасно стыдно смотреть, как телеканалы, комментаторы, соцсети акцентирую внимание на отсутствие Криштиану, а не уважительно чтят боль искалеченной семьи, разрушенной потерей двух братьев. Мне стыдно смотреть на это. Подобное прискорбно».;Спорт
Азамат Бекоев — один из самых ярких новичков этого года в UFC, если не самый яркий. Россиянин был чемпионом LFA, а в 2025-м он уже оформил две победы нокаутом — над Закари Ризом и Райаном Лодером. В ночь на 3 августа Азамату предстоит третий поединок под эгидой промоушена, а соперником станет Торрес Финни. В интервью «Чемпионату» Бекоев рассказал, как стремился попасть в UFC, объяснил, почему выбрал именно Финни себе в соперники, и ответил на вопрос о своём гонораре. Также россиянин заявил, что готов биться с Чимаевым, и выразил мнение по поводу возможного боя Илии Топурии и Ислама Махачева.;Спорт
В МЛС вся команда отпраздновала победный гол на 90+11-й минуте в стиле Жоты. Хани Мухтар из «Нэшвилла» вбил гвоздь под перекладину с пенальти. Весь состав посвятил победу Диогу, повторив его празднование.;Спорт
АНКАРА МЕССИ! АНКАРА МЕССИ! Обыграл всю защиту соперника и гениальным голом оформил 2+1. В 38 лет Лео в одиночку развалил оборону «Монреаля». Просто взял мяч в центре поля и пошёл на всех.;Спорт
Мбаппе забил чудо-гол после выхода на замену и посвятил его Жоте. Килиан показал в камеру 20 — номер, под которым Диогу играл за «Ливерпуль». Достойный поступок француза.;Спорт
«Реал» — последний полуфиналист КЧМ. Мадрид разобрался с «Боруссией». Отметим Мбаппе, который вышел во втором тайме и положил шедевр. Итоговые 3:2 на табло после матча. Из отрицательного для Мадрида — красная Хёйсена. Полуфинальные пары смотрим на картинке.;Спорт
Мусиала сломал малоберцовую кость левой ноги. А ещё Джамал повредил нескольких связок. Срок восстановления — 4-5 месяцев  Здоровья!;Спорт
